#{"t_start": 1765725402.6071446, "env_id": "Reacher-v5"}
r,l,t
-8.189539,50,30.098442
-8.510179,50,30.122461
-12.113694,50,30.145703
-9.560305,50,30.168862
-15.048831,50,30.41382
-10.657036,50,30.439038
-12.850631,50,30.463437
-13.882791,50,30.487355
-12.268647,50,30.561924
-12.578285,50,30.586854
-13.175251,50,30.613187
-12.876299,50,30.637643
-10.505306,50,30.752677
-11.235442,50,30.775248
-9.756989,50,30.800473
-11.210814,50,30.82505
-10.607266,50,30.929922
-14.560867,50,30.963864
-15.47462,50,30.988375
-9.850861,50,31.012857
-13.60659,50,31.109306
-10.695009,50,31.133724
-14.293186,50,31.158842
-13.084236,50,31.180973
-12.79203,50,31.247717
-12.398101,50,31.271966
-12.462185,50,31.29649
-11.555353,50,31.320232
-12.482854,50,31.395561
-13.385452,50,31.420344
-9.455992,50,31.444489
-12.086656,50,31.470544
-12.314227,50,31.541109
-13.289956,50,31.564698
-11.326149,50,31.586909
-9.214251,50,31.611119
-12.39259,50,31.690666
-14.479585,50,31.712919
-10.322373,50,31.736146
-10.028969,50,31.75998
-13.589139,50,31.837407
-14.599244,50,31.863206
-10.439663,50,31.885777
-14.970187,50,31.91186
-11.525668,50,31.974812
-12.899743,50,32.000819
-14.981104,50,32.022828
-8.32935,50,32.049723
-13.007277,50,32.11763
-10.822785,50,32.14103
-10.339193,50,32.165607
-12.266675,50,32.193633
-8.627954,50,32.283619
-8.895957,50,32.305076
-12.482657,50,32.330868
-12.484445,50,32.354019
-11.665255,50,32.429892
-13.313522,50,32.45467
-9.404768,50,32.479665
-11.773326,50,32.505625
-12.955454,50,32.575054
-12.041398,50,32.601647
-12.435137,50,32.62938
-12.690973,50,32.660471
-14.687,50,32.733367
-9.59914,50,32.757282
-10.990721,50,32.781634
-12.552734,50,32.804408
-12.590809,50,32.908666
-15.692285,50,32.934511
-12.568339,50,32.962652
-8.955683,50,32.986489
-14.959882,50,33.054888
-13.502088,50,33.077091
-12.245019,50,33.102857
-9.277558,50,33.130868
-13.550689,50,33.225276
-13.021555,50,33.250242
-12.198048,50,33.273849
-16.433376,50,33.29908
-13.878067,50,33.361809
-11.436014,50,33.389176
-12.035494,50,33.413475
-12.224011,50,33.437584
-13.474933,50,33.531613
-15.468378,50,33.554924
-14.333952,50,33.580316
-10.899494,50,33.604903
-13.391475,50,33.679333
-8.236665,50,33.703985
-13.047879,50,33.730188
-14.73626,50,33.75506
-10.920771,50,33.84519
-13.166665,50,33.870157
-11.174984,50,33.894254
-12.393887,50,33.919825
-14.150177,50,33.981685
-11.949113,50,34.004787
-11.510626,50,34.029469
-12.036119,50,34.055838
-9.958564,50,34.121899
-12.227732,50,34.143984
-10.33367,50,34.168207
-14.986656,50,34.193573
-10.461907,50,34.255598
-11.907406,50,34.2813
-14.822738,50,34.308426
-13.572233,50,34.335433
-11.716131,50,34.394598
-12.70961,50,34.420485
-13.491304,50,34.447317
-10.58747,50,34.471478
-15.033807,50,34.607856
-12.148945,50,34.635112
-10.484603,50,34.662185
-10.466836,50,34.690473
-12.324638,50,34.781875
-11.467054,50,34.80441
-10.53231,50,34.830801
-14.858648,50,34.866124
-13.462743,50,34.948306
-10.127781,50,34.974865
-9.61254,50,35.002119
-12.297069,50,35.029985
-13.97462,50,35.099927
-12.952395,50,35.124436
-14.269536,50,35.150699
-7.784419,50,35.17853
-9.984753,50,35.281686
-12.507262,50,35.309521
-10.854804,50,35.338889
-11.518862,50,35.368069
-12.016103,50,35.446866
-10.996403,50,35.472706
-12.991123,50,35.49716
-11.105142,50,35.52462
-8.394645,50,35.596727
-12.589408,50,35.624183
-11.324614,50,35.65289
-10.557056,50,35.680795
-13.037283,50,35.742681
-14.360542,50,35.766691
-12.285406,50,35.795239
-15.166388,50,35.817945
-11.423632,50,35.887409
-15.426929,50,35.91104
-13.480431,50,35.936678
-9.107243,50,35.962844
-8.496277,50,36.039218
-9.812028,50,36.066639
-12.98237,50,36.092309
-12.554577,50,36.116013
-12.745433,50,36.186808
-12.155113,50,36.211524
-15.541583,50,36.238608
-10.237363,50,36.265459
-11.259439,50,36.333025
-16.182153,50,36.359018
-11.018796,50,36.387074
-13.480764,50,36.413534
-9.458086,50,36.516529
-13.207795,50,36.541714
-12.787475,50,36.568658
-11.82227,50,36.598182
-15.818471,50,36.703512
-14.105819,50,36.732176
-15.18646,50,36.757776
-11.341323,50,36.781178
-11.667217,50,36.842155
-10.24606,50,36.868391
-11.985807,50,36.893852
-11.227011,50,36.918072
-11.980222,50,37.05799
-11.510433,50,37.079735
-15.013006,50,37.105359
-13.238552,50,37.129247
-11.166954,50,37.22345
-9.811711,50,37.251453
-14.074122,50,37.278921
-14.431856,50,37.305592
-10.838163,50,37.377614
-11.164033,50,37.40186
-9.880875,50,37.428804
-13.928074,50,37.455338
-14.719235,50,37.541086
-14.708976,50,37.56877
-11.115561,50,37.597388
-13.084647,50,37.623801
-11.55116,50,37.695191
-13.896118,50,37.721519
-9.689498,50,37.744849
-15.534884,50,37.771847
-13.627367,50,37.920591
-14.230838,50,37.946391
-9.979761,50,37.970852
-8.418537,50,37.998485
-8.544947,50,38.122254
-12.96567,50,38.149031
-8.840256,50,38.174739
-11.826903,50,38.200555
-17.595729,50,40.4099
-13.845647,50,41.270854
-11.171478,50,42.154294
-18.713407,50,43.030468
-13.937574,50,43.947119
-12.199137,50,45.135603
-14.562464,50,46.022754
-13.751327,50,47.018554
-14.673928,50,48.061639
-14.123234,50,48.988499
-16.117752,50,50.096648
-19.820209,50,51.072082
-17.452302,50,52.050245
-18.640352,50,52.922991
-12.712076,50,53.88084
-15.614381,50,54.73553
-17.820071,50,56.072221
-15.573802,50,56.943721
-11.971497,50,57.817248
-17.195524,50,58.652972
-16.982418,50,59.557136
-14.367425,50,60.512388
-19.417346,50,61.360879
-15.465736,50,62.228988
-18.234533,50,63.11812
-12.981365,50,64.030049
-16.12933,50,64.884868
-11.188886,50,65.848891
-15.424878,50,66.7798
-12.025678,50,67.630105
-14.634759,50,68.486743
-14.588753,50,69.327548
-14.88381,50,70.266509
-12.168146,50,71.336388
-13.477907,50,72.177099
-10.587566,50,73.039905
-13.615397,50,73.94154
-14.295401,50,74.780075
-14.36247,50,75.695306
-14.567581,50,76.678516
-14.844117,50,77.675951
-7.22366,50,78.653979
-12.904089,50,79.517773
-7.200355,50,80.355283
-7.845917,50,81.358061
-13.110229,50,82.243866
-13.637272,50,83.080625
-13.653548,50,83.937655
-9.81101,50,84.849771
-9.87953,50,85.741075
-13.804105,50,86.748363
-11.349777,50,87.782294
-11.361115,50,89.421442
-11.780845,50,90.318546
-10.23014,50,91.237766
-6.616179,50,92.236795
-9.503676,50,93.331493
-13.657779,50,94.265604
-8.460984,50,95.178488
-7.732326,50,96.033814
-12.958115,50,97.01592
-8.186239,50,97.89028
-7.230801,50,98.779939
-8.08058,50,99.638548
-12.104,50,101.063185
-7.626414,50,102.462378
-7.225405,50,103.356832
-5.516485,50,104.289135
-10.468721,50,105.370551
-7.378005,50,106.441694
-5.157288,50,107.571483
-10.238254,50,108.795567
-8.313506,50,110.227489
-11.076987,50,111.296582
-4.553101,50,112.169643
-7.803252,50,113.135473
-4.113598,50,114.032988
-9.754964,50,114.883939
-4.785623,50,115.800644
-10.221654,50,116.659171
-9.373542,50,117.668619
-9.38409,50,118.60854
-7.546327,50,119.448018
-6.803579,50,120.314135
-12.333712,50,121.211417
-4.983191,50,122.078197
-6.855818,50,123.019816
-5.306057,50,123.864323
-4.46657,50,124.770915
-10.783446,50,125.670515
-4.759058,50,126.550413
-5.901391,50,127.394669
-9.169161,50,128.406857
-6.35939,50,129.248395
-5.002209,50,130.087232
-5.18169,50,130.93834
-6.841722,50,131.840181
-9.03851,50,132.687188
-4.47221,50,133.665421
-9.755492,50,134.507891
-12.311399,50,135.481025
-5.196832,50,136.34854
-7.023737,50,137.222934
-5.247394,50,138.095003
-5.651792,50,139.088325
-7.709865,50,139.945874
-10.160112,50,140.796999
-4.516364,50,141.663462
-4.321361,50,142.544725
-9.886848,50,143.554299
-11.265269,50,144.433123
-5.213796,50,145.318407
-8.386017,50,146.266344
-3.48401,50,147.114948
-4.109345,50,147.981918
-4.399678,50,148.944811
-3.834682,50,149.840432
-1.587974,50,150.699289
-3.448488,50,151.53983
-3.065726,50,152.372058
-6.884125,50,153.29101
-3.077126,50,154.231318
-3.845979,50,155.123132
-5.679649,50,155.980259
-2.605703,50,156.931395
-2.941847,50,157.782696
-2.444552,50,158.630192
-2.243296,50,159.649973
-2.089929,50,160.596076
-5.225158,50,161.478088
-2.287079,50,162.430105
-4.413951,50,163.273171
-3.723418,50,164.283472
-2.865868,50,165.286403
-4.303833,50,166.158713
-3.470285,50,167.02479
-2.434776,50,167.968977
-2.20218,50,168.830195
-2.881677,50,169.78978
-4.054584,50,170.661487
-2.540501,50,171.561294
-3.057256,50,172.452827
-2.0308,50,173.302261
-3.792927,50,174.140663
-1.85765,50,175.39477
-4.069198,50,176.248863
-2.12443,50,177.121437
-2.503621,50,177.963299
-2.518198,50,178.845195
-3.725691,50,179.804004
-2.516128,50,180.658891
-2.711842,50,181.523586
-3.489781,50,182.432002
-4.156296,50,183.302515
-4.126462,50,184.148809
-3.709391,50,185.102658
-3.34505,50,186.065847
-2.941495,50,186.941755
-1.965944,50,187.804042
-4.001381,50,188.651468
-2.293995,50,189.540014
-2.561575,50,190.593941
-2.351539,50,191.439395
-4.448273,50,192.297508
-3.679767,50,193.199611
-2.937627,50,194.048368
-3.298088,50,194.908194
-2.917304,50,195.904338
-3.164752,50,196.85424
-3.236327,50,197.720215
-2.697637,50,198.586677
-2.237959,50,199.44967
-2.839289,50,200.374948
-3.574645,50,201.342558
-4.443893,50,202.205782
-2.575106,50,203.062963
-2.825329,50,203.980627
-2.388063,50,204.836606
-2.948421,50,205.848583
-2.123826,50,206.711465
-2.100522,50,207.679846
-1.707669,50,208.523829
-3.436537,50,209.359065
-5.906361,50,210.215146
-3.137592,50,211.213824
-3.530002,50,212.081848
-1.580674,50,212.92164
-1.692542,50,213.760794
-2.2034,50,214.676
-1.355908,50,215.576581
-5.331729,50,216.635889
-2.959949,50,217.486314
-2.224744,50,218.373303
-3.365033,50,219.247394
-2.896267,50,220.084682
-2.43864,50,220.940193
-1.660389,50,221.950788
-3.316969,50,222.809004
-1.697007,50,223.676595
-4.955709,50,224.513665
-3.080069,50,225.473704
-3.116013,50,226.437072
-8.033797,50,227.32718
-3.928764,50,228.202545
-2.846164,50,229.105188
-1.721569,50,230.010284
-6.75191,50,230.8618
-3.71574,50,231.844755
-4.699253,50,232.771632
-5.991407,50,233.616489
-3.086599,50,234.482239
-2.005343,50,235.377743
-3.297272,50,236.323589
-3.881475,50,237.283486
-3.014811,50,238.130448
-3.863191,50,238.998835
-3.327873,50,239.922059
-2.411592,50,240.877989
-6.893037,50,241.722961
-2.963168,50,242.686095
-4.737292,50,243.592417
-3.779498,50,244.451741
-4.73797,50,245.360984
-2.609129,50,246.21659
-4.16856,50,247.257842
-2.656496,50,248.114112
-4.07797,50,248.96215
-1.435594,50,249.827025
-1.864171,50,250.719644
-2.576822,50,251.588901
-3.385683,50,252.530542
-4.533627,50,253.374848
-4.564845,50,254.313711
-6.591386,50,255.187181
-2.258336,50,256.085763
-5.363776,50,256.952578
-3.495419,50,257.985859
-3.826348,50,258.882162
-6.214125,50,259.721393
-1.689046,50,260.589907
-5.319818,50,261.500543
-2.048697,50,262.362099
-2.572494,50,263.416249
-4.711531,50,264.258815
-2.686217,50,265.225939
-3.548181,50,266.10746
-2.274727,50,266.997137
-4.26279,50,267.945463
-2.908444,50,268.860821
-3.573644,50,269.72595
-2.602678,50,270.711204
-2.983975,50,271.586557
-2.939205,50,272.47613
-2.147197,50,273.453423
-3.650772,50,274.295825
-2.551367,50,275.136974
-3.767469,50,276.070361
-3.343362,50,276.942133
-2.418559,50,277.788178
-4.640607,50,278.750126
-4.094543,50,279.634604
-4.524912,50,280.499243
-2.948645,50,281.348022
-3.563461,50,282.201047
-2.30962,50,283.109688
-2.100156,50,284.067466
-4.585796,50,284.935398
-8.928176,50,285.815482
-3.442111,50,286.764421
-2.952025,50,287.627995
-2.309031,50,288.510456
-1.834388,50,289.551557
-4.772911,50,290.429596
-4.119734,50,291.307724
-3.464256,50,292.154003
-2.447177,50,292.996618
-2.189554,50,294.069045
-2.252267,50,294.928783
-7.061467,50,295.841269
-4.732533,50,296.697168
-2.376503,50,297.603748
-2.329298,50,298.46269
-2.651403,50,299.406202
-3.866441,50,300.271949
-1.670021,50,301.174265
-4.123463,50,302.0413
-2.127187,50,302.877116
-2.464223,50,303.724814
-4.718329,50,304.737208
-1.910489,50,305.630728
-1.369075,50,306.505859
-2.40972,50,307.357733
-2.338013,50,308.258871
-2.975854,50,309.138283
-1.7901,50,310.169829
-1.900763,50,311.030772
-3.226734,50,311.936115
-1.699443,50,312.783618
-1.683908,50,313.649652
-2.45688,50,314.589768
-2.740319,50,315.565523
-3.391951,50,316.442985
-2.558802,50,317.292803
-3.22673,50,318.166912
-2.211951,50,319.105033
-5.67606,50,320.092914
-6.168547,50,320.937653
-1.720136,50,321.799021
-5.405266,50,322.708037
-2.05756,50,323.558338
-6.94623,50,324.427404
-1.834345,50,325.407385
-1.975955,50,326.30488
-9.664915,50,327.161218
-2.510524,50,328.019942
-2.250301,50,328.88464
-1.462693,50,329.776206
-2.176821,50,330.826888
-3.526997,50,331.670357
-2.050208,50,332.509486
-2.784288,50,333.416796
-1.443618,50,334.272296
-4.987773,50,335.138895
-2.888831,50,336.138284
-2.227872,50,337.02314
-2.402464,50,337.925472
-1.459522,50,338.767639
-2.674365,50,339.631108
-5.388287,50,340.605429
-1.932633,50,341.459907
-1.336217,50,342.322981
-3.014639,50,343.164014
-2.801124,50,344.062177
-2.302386,50,344.914111
-2.630912,50,345.911001
-1.845394,50,346.791226
-3.078417,50,347.689695
-3.338187,50,348.572911
-3.51508,50,349.443311
-2.621988,50,350.305937
-5.628395,50,351.449258
-3.519509,50,352.382471
-1.431869,50,353.427139
-3.789135,50,354.385665
-2.359964,50,355.56463
-2.732177,50,356.717721
-2.362489,50,357.740853
-2.1566,50,358.746276
-2.27303,50,359.75319
-3.217333,50,360.718356
-5.232614,50,361.847242
-2.264469,50,362.717908
-1.156165,50,363.769426
-3.871948,50,364.691314
-2.156641,50,365.601313
-2.091143,50,366.630105
-1.368658,50,367.582203
-2.503271,50,368.480023
-1.780583,50,369.330274
-1.448161,50,370.202086
-2.797516,50,371.222733
-1.693188,50,372.178337
-1.52454,50,373.054589
-2.121359,50,373.894103
-2.558085,50,374.821312
-2.088302,50,375.801
-1.634985,50,376.676608
-3.004068,50,377.667163
-2.020733,50,378.583192
-2.609945,50,379.478597
-1.814249,50,380.333796
-1.743319,50,381.19212
-2.962627,50,382.24597
-1.68563,50,383.093509
-3.009125,50,383.954272
-2.824332,50,384.805864
-1.639631,50,385.760196
-1.452273,50,386.624834
-1.672913,50,387.602138
-3.644683,50,388.470354
-1.071391,50,389.381193
-2.122967,50,390.240891
-2.681445,50,391.155473
-2.453379,50,392.000026
-4.149319,50,393.090959
-2.433923,50,393.968714
-1.902711,50,394.842282
-1.457203,50,395.820134
-1.742857,50,396.742932
-1.445287,50,397.699478
-2.276076,50,398.553824
-2.239382,50,399.418432
-2.129475,50,400.280822
-1.608716,50,401.152247
-1.752748,50,401.994465
-2.919764,50,402.927985
-2.010595,50,403.905273
-2.162421,50,404.755869
-2.915656,50,405.74799
-1.663054,50,406.663437
-1.565966,50,407.615089
-1.514024,50,408.579337
-1.698562,50,409.447721
-2.431128,50,410.335092
-1.932435,50,411.224312
-1.773733,50,412.103095
-1.743586,50,412.984074
-3.119446,50,413.929087
-1.717612,50,414.839349
-2.803099,50,415.7479
-2.680725,50,416.625489
-2.010114,50,417.49423
-1.74322,50,418.632968
-1.376197,50,419.477795
-3.017196,50,420.314269
-2.207811,50,421.183809
-1.441465,50,422.106582
-2.397245,50,422.988611
-2.092975,50,423.936875
-1.493572,50,424.790045
-2.202878,50,425.741663
-2.401699,50,426.618796
-3.01855,50,427.499312
-2.067196,50,428.331706
-3.376128,50,429.320449
-1.688826,50,430.208787
-1.894636,50,431.049237
-2.065605,50,431.917024
-2.664594,50,432.796998
-1.772667,50,433.665005
-1.393785,50,434.783389
-3.167136,50,435.797076
-1.772806,50,436.749335
-2.478127,50,437.62365
-1.750897,50,438.502013
-2.444389,50,439.555892
-2.909299,50,440.427015
-2.899235,50,441.303232
-3.172926,50,442.159512
-1.611448,50,443.02811
-1.906165,50,443.924354
-2.180354,50,444.905081
-1.260811,50,445.804728
-1.895418,50,446.667428
-0.906182,50,447.604637
-1.490202,50,448.449551
-3.138105,50,449.315213
-1.537811,50,450.263154
-2.358028,50,451.166274
-1.676291,50,452.040493
-1.883451,50,452.885315
-2.064015,50,453.752086
-1.320131,50,454.695676
-2.507216,50,455.626964
-2.215633,50,456.494405
-2.99305,50,457.348516
-2.013655,50,458.290163
-2.291466,50,459.140793
-1.496984,50,460.21788
-1.548178,50,461.085247
-1.557015,50,462.023044
-1.755138,50,462.89406
-1.616282,50,463.731322
-2.018981,50,464.573725
-2.228745,50,465.653081
-1.978388,50,466.503257
-2.681811,50,467.391457
-1.984565,50,468.243767
-2.123171,50,469.213532
-2.782738,50,470.095713
-3.271747,50,471.050424
-1.572466,50,471.922451
-2.920219,50,472.822253
-2.44808,50,473.871958
-1.465596,50,475.119517
-2.04334,50,476.270653
-2.702305,50,477.407196
-2.465368,50,478.811076
-2.044038,50,479.79146
-2.914257,50,481.094264
-2.378799,50,482.228585
-2.415001,50,483.256757
-1.973033,50,484.092124
-1.524467,50,484.954811
-2.173916,50,486.378436
-1.949649,50,487.351293
-1.893491,50,488.383128
-1.386728,50,489.393987
-2.384319,50,490.365618
-3.176964,50,491.510623
-1.954595,50,492.629996
-3.050337,50,493.777858
-1.588877,50,495.444898
-1.722445,50,496.715486
-2.029981,50,497.65944
-2.2742,50,498.713248
-1.591036,50,499.634307
-2.540264,50,500.522706
-3.411761,50,501.384225
-2.403816,50,502.508902
-2.048583,50,503.470116
-2.297191,50,504.395452
-2.653653,50,505.253783
-1.406664,50,506.163272
-2.893385,50,507.489938
-1.137388,50,508.414955
-1.873866,50,509.442925
-1.785356,50,510.338842
-1.561492,50,511.288699
-1.938605,50,512.51597
-1.94133,50,513.495487
-1.957535,50,514.395082
-1.349115,50,515.358067
-1.669628,50,516.511904
-1.553412,50,517.63189
-2.909954,50,518.593876
-1.991915,50,519.677031
-2.310235,50,520.569418
-1.473618,50,521.514172
-1.630221,50,522.667526
-2.260588,50,523.668375
-1.969082,50,524.616327
-2.934921,50,525.724012
-2.41369,50,526.719976
-1.70178,50,527.946786
-1.791181,50,529.035485
-2.082766,50,530.019641
-1.491643,50,531.026681
-1.963951,50,532.223683
-1.795558,50,533.500391
-1.590716,50,534.525888
-2.312948,50,535.58682
-2.377423,50,536.685506
-1.79259,50,538.092019
-2.260426,50,539.622498
-0.984754,50,540.783218
-2.370168,50,542.700878
-1.458301,50,543.696305
-2.2643,50,544.688177
-2.329123,50,545.560899
-1.57672,50,546.443377
-2.05636,50,547.936573
-1.351225,50,549.95444
-1.056319,50,551.90164
-2.932751,50,554.070309
-2.802714,50,555.138775
-1.975831,50,556.477595
-1.614422,50,557.422347
-2.247601,50,558.459152
-1.463555,50,559.354345
-1.389095,50,560.438798
-1.607545,50,561.394129
-1.115297,50,563.574871
-1.930847,50,565.133654
-1.340777,50,567.367835
-2.226024,50,568.861027
-1.306718,50,570.323009
-2.687749,50,571.595144
-2.715452,50,572.850224
-2.041883,50,573.908837
-2.166926,50,575.244435
-2.054945,50,577.191893
-2.603915,50,578.109777
-3.151817,50,579.358205
-1.861943,50,581.636723
-3.956873,50,582.585217
-1.636525,50,583.732833
-2.222611,50,584.69615
-1.684528,50,586.233931
-2.265325,50,587.208246
-2.047753,50,588.065221
-1.67568,50,588.936296
-1.919038,50,590.036631
-1.374835,50,590.979528
-2.389192,50,591.795856
-1.838873,50,592.854842
-2.221206,50,593.761976
-1.525631,50,594.792493
-1.393721,50,595.767569
-2.424489,50,597.786053
-1.841084,50,599.591174
-1.583441,50,600.660084
-1.461712,50,601.605205
-1.430651,50,602.578552
-1.37296,50,603.565399
-2.586954,50,604.540383
-1.650933,50,605.527045
-1.070157,50,606.514403
-2.145685,50,607.611443
-2.219179,50,608.720567
-2.150843,50,609.741406
-2.27042,50,611.250148
-1.617523,50,612.334178
-1.34171,50,613.425349
-1.559975,50,614.992685
-1.635816,50,616.299691
-2.022647,50,617.296029
-1.68816,50,618.374445
-1.305214,50,619.541029
-1.678939,50,621.229395
-2.359519,50,623.030267
-1.517109,50,624.192506
-1.700073,50,625.272385
-1.796623,50,626.175266
-2.177497,50,627.10432
-1.432563,50,627.947888
-1.313425,50,628.88192
-2.48472,50,629.715039
-1.367923,50,630.62407
-1.279831,50,631.977753
-1.30193,50,633.11485
-1.272891,50,634.791651
-2.157458,50,636.468441
-1.656488,50,637.606133
-2.674647,50,638.862338
-1.565185,50,640.487201
-2.412321,50,642.23669
-1.33384,50,643.452767
-1.514175,50,644.670101
-1.800574,50,645.947776
-2.728833,50,647.126942
-2.110715,50,648.214422
-2.108885,50,649.311396
-1.582613,50,650.358503
-2.238655,50,651.328077
-2.702774,50,653.039105
-2.038218,50,654.823385
-1.631504,50,657.049149
-1.124887,50,658.61344
-1.274389,50,659.746518
-1.570027,50,661.758312
-1.276434,50,663.758537
-2.114428,50,666.639508
-1.09918,50,667.888639
-2.753927,50,668.989016
-2.242606,50,670.337655
-2.007694,50,672.361594
-2.111797,50,673.749078
-2.251273,50,680.118289
-1.867134,50,684.492776
-1.415925,50,685.970008
-1.589876,50,687.032996
-1.111843,50,688.074283
-1.244842,50,688.99177
-1.620115,50,690.656118
-1.865968,50,692.168404
-1.944737,50,693.627424
-2.064892,50,694.929407
-1.823627,50,696.117752
-2.236799,50,697.134122
-2.403255,50,698.003143
-1.892461,50,698.86603
-2.334072,50,699.900226
-1.232217,50,701.005191
-1.423553,50,702.220954
-1.567788,50,703.352593
-1.380904,50,704.604315
-1.676152,50,705.811279
-1.292143,50,707.110258
-1.948083,50,708.172772
-1.238086,50,709.110898
-2.413206,50,710.022888
-1.208697,50,711.085869
-1.777894,50,711.959261
-1.991134,50,713.044434
-1.151816,50,714.037655
-1.578443,50,715.564991
-1.660956,50,716.720174
-1.660025,50,717.833497
-2.047013,50,718.888543
-1.891804,50,719.743595
-1.544694,50,720.610137
-2.417503,50,721.876347
-1.942871,50,723.245608
-2.237809,50,724.258976
-2.703484,50,725.119696
-1.025918,50,726.161454
-1.473218,50,727.207233
-1.863393,50,728.104767
-1.657239,50,728.954965
-2.350915,50,729.948082
-1.15582,50,730.799191
-2.780564,50,731.709018
-1.086031,50,733.040883
-2.393876,50,734.437961
-2.396294,50,735.770409
-1.351773,50,736.947731
-3.51237,50,737.871733
-2.385938,50,738.784287
-1.553271,50,739.917816
-2.171325,50,741.677794
-2.88546,50,742.806108
-1.393722,50,743.920104
-1.790509,50,744.86695
-1.580331,50,746.015795
-2.195948,50,747.212358
-1.610343,50,748.454467
-2.312971,50,749.711515
-1.719283,50,750.619403
-2.972707,50,751.655854
-1.925676,50,752.618517
-1.339094,50,753.734566
-1.182736,50,754.884773
-2.300863,50,755.798994
-2.083438,50,756.904238
-1.777644,50,757.762942
-1.619971,50,758.716943
-1.500007,50,759.686529
-1.300175,50,760.742411
-2.007476,50,762.259274
-1.477675,50,763.505029
-1.729322,50,764.377443
-1.496387,50,765.501561
-2.03823,50,766.708827
-2.097558,50,767.771439
-2.198765,50,768.655926
-1.034605,50,769.675913
-2.500015,50,770.652925
-1.237304,50,771.641693
-1.446562,50,772.558669
-1.686997,50,773.728718
-1.078983,50,774.825168
-1.288226,50,775.686636
-1.98951,50,776.634501
-1.441429,50,777.802381
-2.207214,50,779.137797
-2.245363,50,780.173526
-1.670063,50,781.547022
-1.432956,50,782.594496
-0.884738,50,784.054288
-1.343103,50,785.205388
-1.871174,50,786.342129
-1.955964,50,789.357958
-2.643718,50,790.879907
-1.677125,50,792.740019
-1.896196,50,794.165237
-1.661218,50,796.141032
-1.683574,50,797.364719
-1.42121,50,798.465853
-1.522137,50,799.618593
-1.951102,50,800.981246
-1.947901,50,802.226637
-1.309001,50,804.168057
-1.960146,50,805.368268
-1.128484,50,806.893112
-1.833824,50,808.639868
-1.251943,50,809.625137
-2.005361,50,810.940912
-1.77946,50,812.862679
-1.666007,50,815.632564
-1.949431,50,817.213951
-1.869417,50,818.267145
-1.587081,50,819.334422
-1.474463,50,821.57352
-1.881863,50,822.606697
-1.057787,50,823.610011
-1.239761,50,825.333658
-1.846739,50,831.215566
-1.371089,50,836.681129
-2.224034,50,840.036475
-1.300308,50,841.574776
-1.444381,50,842.561541
-1.59875,50,843.776874
-1.954787,50,844.952594
-1.954032,50,846.125552
-1.12761,50,847.24047
-1.801098,50,848.196625
-1.545547,50,849.166179
-1.859904,50,850.351868
-1.051802,50,851.458179
-2.20257,50,853.141234
-1.068922,50,854.665626
-1.566504,50,856.000228
-1.699429,50,857.144042
-1.61087,50,858.900294
-1.371148,50,860.385996
-1.5302,50,864.342042
-0.950445,50,865.818266
-1.700968,50,867.360752
-1.574928,50,868.33651
-1.651149,50,869.383864
-1.373006,50,870.745089
-1.838182,50,871.853266
-2.272776,50,872.911907
-1.605316,50,873.857258
-1.253626,50,874.779057
-1.356916,50,875.668879
-1.235923,50,876.727395
-1.865189,50,877.647486
-1.337465,50,878.624199
-1.245723,50,879.578929
-2.364721,50,880.436525
-1.0824,50,881.382531
-1.903595,50,882.241433
-1.898768,50,883.318386
-1.577643,50,884.191751
-1.571375,50,885.514504
-1.649248,50,886.544769
-1.841124,50,887.468858
-2.107295,50,888.347572
-1.154805,50,889.321903
-1.577129,50,890.202945
-1.439658,50,891.087043
-1.599611,50,891.979995
-1.682649,50,892.884551
-1.31397,50,893.740415
-1.709644,50,894.649063
-1.468613,50,895.514871
-1.603801,50,896.764738
-2.607549,50,897.652471
-1.475986,50,898.588499
-2.496403,50,899.743528
-2.385067,50,900.672598
-1.426349,50,901.566281
-0.845885,50,902.566554
-1.281049,50,903.542087
-0.94028,50,904.524008
-1.8193,50,905.544714
-1.578501,50,906.574994
-1.348418,50,907.47717
-3.421709,50,909.140383
-1.431353,50,910.076035
-1.817128,50,911.0611
-1.280544,50,911.968087
-1.977291,50,912.916048
-1.632551,50,913.889982
-1.219816,50,914.866351
-1.858224,50,916.015824
-1.710214,50,917.15808
-1.80463,50,918.581423
-2.457889,50,919.706012
-1.869044,50,921.134928
-1.623836,50,924.786299
-1.655338,50,925.946009
-1.696135,50,927.023889
-1.794668,50,928.001537
-1.450699,50,928.919043
-1.156567,50,929.968974
-1.880336,50,930.864264
-1.679817,50,931.812341
-1.964246,50,932.874558
-2.136121,50,933.733173
-2.211533,50,934.864733
-1.77875,50,935.833167
-1.258509,50,936.945252
-1.597852,50,937.801508
-1.833668,50,938.636877
-1.374477,50,939.513317
-2.099163,50,940.565802
-1.883655,50,941.43898
-2.038788,50,942.397119
-1.272991,50,943.201945
-1.696934,50,944.569825
-2.177608,50,945.624904
-1.844595,50,946.561724
-1.633449,50,947.580421
-1.382653,50,948.699146
-2.034591,50,949.814692
-1.088137,50,950.994708
-1.432544,50,951.922703
-1.100295,50,953.04264
-1.646305,50,954.029136
-1.778263,50,954.901857
-1.075492,50,955.905765
-1.208853,50,957.626202
-1.658428,50,958.6378
-2.291685,50,959.884336
-2.184638,50,961.070239
-1.724796,50,962.029999
-1.778258,50,962.912765
-1.806233,50,963.935945
-1.210879,50,965.179821
-1.8779,50,966.334673
-0.994715,50,967.208248
-1.763511,50,968.339426
-1.979023,50,969.212442
-1.848789,50,970.635016
-1.625912,50,971.566609
-1.739226,50,972.64015
-1.15433,50,973.712584
-1.880357,50,974.816989
-2.34396,50,975.705363
-1.269712,50,976.614782
-2.250644,50,977.543677
-1.330863,50,978.528492
-1.12579,50,979.454168
-1.446613,50,980.489736
-1.471849,50,981.501627
-2.087252,50,982.47567
-1.813817,50,983.664454
-1.420854,50,984.58641
-1.841921,50,985.496001
-2.176806,50,986.596328
-1.687548,50,987.509741
-1.647464,50,988.402986
-1.916419,50,989.402614
-0.905228,50,990.422132
-2.37939,50,991.738099
-2.34299,50,992.879809
-1.667546,50,993.917665
-2.202827,50,994.863625
-1.639676,50,995.864064
-1.349007,50,996.879607
-1.548532,50,997.732459
-1.005294,50,998.956441
-1.656569,50,1000.403167
-1.757773,50,1001.321979
-1.423357,50,1002.432859
-1.870007,50,1003.638855
-1.38502,50,1004.556823
-1.716146,50,1005.486206
-1.790054,50,1006.401687
-1.661898,50,1007.547789
-1.990447,50,1008.650622
-1.442366,50,1009.831673
-2.032139,50,1010.777133
-1.995667,50,1011.895674
-1.080803,50,1012.856273
-1.946377,50,1013.98227
-1.332356,50,1015.134704
-1.891958,50,1016.629247
-1.253106,50,1017.666756
-1.476242,50,1018.556335
-1.473948,50,1019.617953
-1.798038,50,1021.108578
-1.283849,50,1022.014089
-1.152783,50,1023.018414
-1.55604,50,1024.006631
-1.338528,50,1025.035377
-1.378008,50,1026.184174
-1.640574,50,1027.004932
-1.977242,50,1027.996747
-1.096799,50,1028.956019
-1.845137,50,1029.788507
-1.855965,50,1030.851551
-1.724327,50,1031.688979
-1.065236,50,1032.564789
-1.692354,50,1033.549575
-1.380937,50,1034.640588
-1.061806,50,1035.534218
-1.287755,50,1036.703109
-1.786154,50,1037.704926
-1.443991,50,1038.838192
-2.062197,50,1039.884395
-1.55308,50,1041.223412
-1.480071,50,1042.586858
-1.996368,50,1043.926317
-1.615147,50,1044.804175
-1.543141,50,1045.996862
-1.288241,50,1046.98229
-1.885762,50,1048.269081
-2.120288,50,1049.705284
-2.104757,50,1050.661298
-2.578936,50,1051.591246
-1.770838,50,1052.650295
-1.282032,50,1053.812992
-2.248152,50,1055.416316
-1.829793,50,1056.517038
-1.729156,50,1057.560753
-1.828897,50,1058.653356
-1.697554,50,1059.810541
-1.651433,50,1060.811744
-1.653267,50,1061.767564
-1.320137,50,1062.71614
-2.13893,50,1064.383162
-1.695287,50,1065.571208
-1.100054,50,1066.45183
-1.265342,50,1067.516127
-2.128201,50,1068.517333
-1.878747,50,1069.415855
-1.384678,50,1070.223364
-1.281757,50,1071.142153
-1.881339,50,1072.12697
-2.167785,50,1072.950696
-1.557531,50,1073.771781
-1.763727,50,1074.622018
-1.304467,50,1075.553543
-1.954569,50,1077.180757
-1.450798,50,1078.197624
-1.185314,50,1079.27177
-1.420479,50,1081.201195
-2.438488,50,1082.402064
-1.360031,50,1083.541068
-1.584879,50,1084.556352
-2.372761,50,1085.660653
-1.352465,50,1086.825336
-1.884079,50,1087.854751
-1.470528,50,1088.923719
-1.648874,50,1090.192393
-1.454284,50,1091.512082
-1.825011,50,1092.799385
-2.037992,50,1093.822802
-1.530674,50,1094.806577
-2.068182,50,1095.745547
-1.591634,50,1096.989474
-1.711872,50,1098.11385
-2.050712,50,1099.030946
-1.064964,50,1099.884056
-1.525432,50,1100.696358
-2.739533,50,1101.498937
-1.679349,50,1102.426961
-1.666594,50,1103.247177
-1.422577,50,1104.32196
-1.573913,50,1106.051349
-1.438969,50,1107.802431
-1.57512,50,1109.02529
-1.945791,50,1110.740333
-1.560188,50,1112.054108
-2.537561,50,1113.851337
-1.268721,50,1115.519847
-1.711766,50,1116.660368
-2.034537,50,1117.537107
-1.522711,50,1118.443656
-2.183189,50,1119.635483
-1.487095,50,1120.490595
-1.859427,50,1121.361414
-1.448984,50,1122.287388
-0.917473,50,1123.651767
-1.047538,50,1124.932487
-1.24875,50,1126.051927
-2.039363,50,1127.388077
-1.914619,50,1128.811781
-2.108525,50,1129.997936
-1.929485,50,1131.379421
-2.081579,50,1132.471247
-1.395753,50,1133.857391
-2.014179,50,1135.566278
-2.198985,50,1136.709115
-1.111949,50,1137.569964
-1.185037,50,1138.475105
-1.975855,50,1139.520772
-1.667371,50,1141.112013
-1.239369,50,1142.172847
-1.926401,50,1143.029434
-1.368473,50,1143.960139
-1.048475,50,1144.995615
-2.09564,50,1146.256467
-1.811999,50,1147.732656
-1.786594,50,1148.685568
-1.12415,50,1149.667877
-1.380498,50,1150.901572
-1.183189,50,1152.298727
-1.955983,50,1154.357705
-1.712296,50,1156.052049
-1.711432,50,1157.691031
-1.813847,50,1159.159667
-1.136532,50,1160.342104
-1.56535,50,1161.57469
-1.767985,50,1162.689834
-1.2616,50,1164.216036
-1.00217,50,1165.258923
-0.938006,50,1166.205216
-1.138079,50,1167.29513
-1.937912,50,1168.209283
-1.186466,50,1169.158838
-1.860593,50,1170.144462
-1.611674,50,1171.3436
-1.019702,50,1172.476319
-1.455592,50,1173.482755
-1.831248,50,1174.432032
-1.964458,50,1175.603868
-1.293933,50,1176.489634
-1.907779,50,1178.011004
-2.000121,50,1179.323931
-1.642632,50,1180.5892
-1.604848,50,1181.555387
-1.794073,50,1182.582403
-1.18675,50,1183.594571
-1.676884,50,1184.700892
-0.991641,50,1185.597927
-1.484658,50,1186.45801
-1.156883,50,1187.368491
-1.41334,50,1188.278309
-1.63309,50,1189.401738
-1.794591,50,1190.587488
-1.975063,50,1191.703776
-1.146887,50,1192.950994
-1.960814,50,1193.859601
-1.222449,50,1194.850673
-1.638347,50,1195.960545
-1.494325,50,1197.073276
-1.393919,50,1198.235745
-1.682695,50,1199.20488
-1.685876,50,1200.267178
-1.810553,50,1201.337701
-2.301128,50,1203.043224
-1.741055,50,1204.284775
-1.667556,50,1205.202989
-1.864989,50,1206.284287
-1.071984,50,1207.190574
-1.2071,50,1208.072031
-1.161149,50,1209.281979
-1.49543,50,1210.323977
-1.683449,50,1211.42832
-1.104885,50,1212.284297
-1.16106,50,1213.124253
-1.284496,50,1214.083912
-0.944567,50,1214.910503
-1.400432,50,1215.758156
-1.239023,50,1216.797102
-1.292993,50,1218.302785
-1.033919,50,1219.462516
-2.098912,50,1220.886843
-1.571241,50,1222.668529
-0.928004,50,1224.905272
-1.273506,50,1226.382239
-1.628244,50,1228.674603
-1.108388,50,1230.613128
-1.387652,50,1232.079792
-1.657171,50,1233.406519
-1.786027,50,1235.088534
-1.315629,50,1236.308101
-1.143415,50,1237.382188
-1.956572,50,1238.891005
-1.785191,50,1240.096914
-1.621633,50,1240.958882
-1.895553,50,1241.837846
-1.311736,50,1242.775118
-2.214304,50,1243.764191
-1.583353,50,1244.709192
-1.764293,50,1245.698521
-2.034287,50,1246.653877
-1.003657,50,1247.860882
-1.568629,50,1248.722794
-1.209532,50,1249.609213
-1.324998,50,1250.739166
-1.481698,50,1251.717124
-1.138856,50,1253.700635
-0.822368,50,1255.395832
-1.876337,50,1256.711405
-1.145952,50,1257.724583
-1.198737,50,1258.905522
-1.777368,50,1260.007581
-2.139295,50,1260.906862
-1.921033,50,1261.872925
-2.401542,50,1263.299912
-1.835401,50,1265.147333
-1.591922,50,1267.056207
-1.557353,50,1268.442562
-1.798968,50,1270.456201
-1.543354,50,1271.542519
-1.147272,50,1272.71044
-1.804751,50,1274.084159
-2.083369,50,1275.271028
-1.6256,50,1276.472578
-0.919965,50,1280.235476
-1.91608,50,1281.549542
-1.112063,50,1282.469972
-1.558274,50,1283.542863
-1.904659,50,1285.077171
-1.03344,50,1286.239051
-1.137445,50,1287.791757
-1.724261,50,1289.278678
-0.981182,50,1290.111485
-2.005343,50,1291.139885
-1.802774,50,1293.190996
-1.336345,50,1295.154398
-1.2067,50,1296.541551
-1.246639,50,1297.696136
-1.044234,50,1298.795065
-1.687509,50,1299.943249
-1.384348,50,1300.914512
-1.791968,50,1301.849002
-1.717948,50,1302.779443
-1.620243,50,1303.733873
-1.739242,50,1304.711033
-1.976928,50,1305.625205
-1.896082,50,1306.686561
-1.603279,50,1307.7981
-1.747266,50,1308.74241
-2.166667,50,1309.746806
-0.912148,50,1310.643785
-1.690562,50,1311.69116
-1.926277,50,1312.70216
-1.368402,50,1313.631262
-1.175621,50,1314.61962
-1.672756,50,1315.678381
-1.475061,50,1316.636154
-1.808827,50,1317.550066
-1.547472,50,1318.451276
-1.121378,50,1319.575784
-1.599095,50,1320.603347
-1.656657,50,1321.59312
-1.490646,50,1322.487091
-1.602188,50,1323.489517
-1.929735,50,1324.489037
-2.207441,50,1325.525278
-1.683061,50,1326.697051
-1.556766,50,1327.872175
-1.232873,50,1328.798203
-1.726247,50,1329.73471
-1.11697,50,1330.659531
-1.255567,50,1331.84723
-1.882015,50,1332.821604
-1.244095,50,1333.736531
-1.549307,50,1334.734896
-1.731967,50,1335.752022
-3.363001,50,1337.108057
-0.765356,50,1338.756557
-1.14465,50,1339.942923
-1.26402,50,1341.378976
-1.864395,50,1342.302033
-1.717928,50,1343.296868
-1.722871,50,1344.863117
-1.558455,50,1346.869746
-1.238344,50,1348.491444
-1.443259,50,1350.134306
-1.747217,50,1351.783837
-1.654246,50,1353.546284
-1.375695,50,1354.977079
-1.660415,50,1356.700744
-1.674585,50,1358.466633
-0.971636,50,1360.168434
-0.951046,50,1361.909356
-1.228371,50,1363.49252
-1.568431,50,1365.642701
-1.18708,50,1367.163942
-1.514153,50,1368.258869
-1.420488,50,1369.348525
-1.443276,50,1370.284296
-1.414525,50,1371.211454
-1.677691,50,1372.165928
-1.265685,50,1373.121557
-2.133277,50,1374.016374
-1.226616,50,1374.935337
-0.934645,50,1375.91342
-1.305389,50,1376.89894
-2.125416,50,1377.803
-1.610969,50,1378.780926
-1.934589,50,1379.87887
-1.415052,50,1380.801892
-1.231279,50,1381.704664
-1.553837,50,1382.630403
-1.550925,50,1383.607146
-2.162349,50,1384.542741
-2.108028,50,1385.440957
-1.628694,50,1386.459559
-1.583251,50,1387.407601
-1.650786,50,1388.301038
-1.247703,50,1389.184551
-1.604108,50,1390.176405
-1.249198,50,1391.061082
-1.686401,50,1391.94629
-1.442293,50,1392.812402
-1.024622,50,1393.778295
-1.950021,50,1394.677681
-1.516996,50,1395.571576
-1.406722,50,1396.502289
-1.429471,50,1397.522438
-1.837523,50,1398.453995
-1.743063,50,1399.341154
-1.53354,50,1400.275057
-1.061692,50,1401.408556
-1.335545,50,1402.335001
-1.202678,50,1403.251034
-1.635698,50,1404.380152
-1.376449,50,1405.364115
-1.357627,50,1406.71805
-1.137855,50,1408.292783
-1.984528,50,1409.306504
-2.023537,50,1410.373501
-1.756941,50,1411.535179
-1.478279,50,1412.463896
-1.128894,50,1413.375918
-1.687239,50,1414.35524
-1.730507,50,1415.241139
-1.506478,50,1416.27509
-1.877181,50,1417.200665
-0.978723,50,1418.527956
-1.066994,50,1419.641428
-1.271049,50,1420.610534
-1.970013,50,1421.614712
-1.73371,50,1422.607891
-1.29614,50,1423.603902
-1.682616,50,1424.490142
-1.506725,50,1425.393389
-2.373556,50,1426.388683
-1.393868,50,1427.698746
-0.969021,50,1428.719158
-1.081942,50,1429.743652
-1.464112,50,1430.789123
-1.206745,50,1432.191494
-1.474386,50,1433.16703
-1.020244,50,1434.131625
-1.402164,50,1435.033146
-1.380342,50,1436.002898
-1.37627,50,1436.888663
-1.648909,50,1438.005388
-1.840717,50,1438.878045
-1.680848,50,1439.726701
-2.129658,50,1440.582617
-1.706246,50,1441.480757
-0.952037,50,1442.482171
-1.037837,50,1443.329457
-2.215576,50,1444.157345
-1.614991,50,1445.013767
-1.010673,50,1445.969165
-1.45129,50,1446.880983
-2.180693,50,1447.805933
-1.39821,50,1448.663852
-1.501577,50,1449.595414
-1.891151,50,1450.426901
-1.760962,50,1451.351936
-1.280615,50,1452.289641
-1.158126,50,1453.234581
-1.355987,50,1454.09096
-1.824079,50,1454.978034
-1.60466,50,1455.887898
-1.235464,50,1456.967636
-2.039773,50,1458.26492
-1.159249,50,1459.565687
-1.899469,50,1460.52494
-1.554465,50,1461.737498
-1.503682,50,1462.772783
-1.588124,50,1463.772727
-1.122285,50,1464.701224
-1.872428,50,1465.581697
-1.640102,50,1466.529111
-2.539254,50,1467.42719
-1.485524,50,1468.288477
-1.215413,50,1469.39636
-1.67915,50,1470.407544
-1.270143,50,1471.43913
-1.192709,50,1472.383347
-0.798444,50,1473.355493
-1.426673,50,1474.239643
-0.787946,50,1475.116508
-1.09405,50,1476.034062
-1.746241,50,1477.07159
-0.842102,50,1478.157089
-1.221442,50,1479.111259
-1.132214,50,1480.071583
-0.949599,50,1481.150628
-1.235201,50,1482.06087
-1.812611,50,1482.936201
-1.36516,50,1483.810193
-1.48479,50,1484.754753
-1.389015,50,1485.672697
-2.047655,50,1486.69353
-1.10384,50,1487.765555
-1.641076,50,1489.05381
-1.326363,50,1490.10106
-1.305397,50,1491.302446
-1.961797,50,1492.685156
-1.404554,50,1493.923829
-1.815247,50,1495.345264
-1.030045,50,1496.295127
-1.52038,50,1497.314579
-1.681333,50,1498.315098
-1.903088,50,1499.770272
-1.391658,50,1500.701092
-1.117857,50,1501.615089
-1.421636,50,1502.78387
-1.799821,50,1504.050552
-1.830886,50,1505.44701
-1.175388,50,1506.379003
-1.457496,50,1507.536512
-1.724647,50,1508.575081
-1.324664,50,1509.448461
-2.144568,50,1510.312854
-1.232394,50,1511.250005
-1.073746,50,1512.226974
-1.701768,50,1513.100168
-1.364934,50,1513.995422
-1.077273,50,1514.934927
-1.989733,50,1515.839347
-1.590563,50,1516.723491
-2.023839,50,1517.841829
-1.243623,50,1518.755984
-1.19074,50,1519.86439
-1.324596,50,1520.773125
-1.878593,50,1521.639901
-2.02392,50,1522.655351
-0.951367,50,1523.496592
-1.900939,50,1524.374261
-1.860176,50,1525.302424
-1.932122,50,1526.246354
-1.525754,50,1527.221292
-1.655226,50,1528.371263
-1.419882,50,1529.816647
-1.367129,50,1531.094512
-2.009375,50,1531.957626
-1.51184,50,1532.94773
-1.24243,50,1533.825648
-1.537023,50,1534.732962
-1.705701,50,1535.657208
-1.324147,50,1536.532113
-1.938977,50,1537.540423
-1.038964,50,1538.507401
-1.139273,50,1539.400171
-1.24731,50,1540.234534
-1.803846,50,1541.049358
-1.501797,50,1541.937757
-1.385416,50,1542.77689
-2.031446,50,1543.819698
-1.657865,50,1544.638216
-1.083516,50,1545.599989
-1.411128,50,1546.597033
-1.04891,50,1547.601253
-1.64406,50,1548.46732
-2.084386,50,1549.384833
-1.900958,50,1550.305013
-2.219122,50,1551.132659
-1.74004,50,1551.945524
-1.256986,50,1552.829731
-1.034421,50,1553.648321
-1.54873,50,1554.466582
-1.678303,50,1555.306579
-1.932508,50,1556.185142
-1.230204,50,1557.087295
-1.669674,50,1558.08376
-1.989246,50,1559.093315
-1.934463,50,1560.072493
-1.834786,50,1560.951421
-1.565069,50,1561.864252
-0.887748,50,1562.705405
-1.799599,50,1563.600575
-1.421731,50,1564.595866
-1.807936,50,1565.456812
-1.791159,50,1566.295643
-1.308644,50,1567.261911
-1.100299,50,1568.187104
-1.650395,50,1569.026523
-1.616458,50,1569.894857
-0.914875,50,1570.806985
-1.614163,50,1571.669168
-1.660598,50,1572.528672
-1.231548,50,1573.381794
-1.559015,50,1574.353453
-1.724741,50,1575.32372
-0.977602,50,1576.159989
-1.080612,50,1577.07711
-1.125624,50,1578.026596
-1.797589,50,1578.910993
-1.086547,50,1579.753938
-1.858568,50,1580.612474
-1.610042,50,1581.558772
-1.451966,50,1582.462209
-1.93376,50,1583.388985
-1.741977,50,1584.218252
-1.719184,50,1585.099327
-0.982677,50,1585.942396
-1.839017,50,1586.832928
-1.719944,50,1587.70597
-1.398903,50,1588.599286
-1.676782,50,1589.51234
-1.637575,50,1590.378957
-1.412115,50,1591.21956
-1.188696,50,1592.286088
-1.13401,50,1593.15022
-1.693812,50,1593.99726
-1.511358,50,1594.881065
-1.718334,50,1595.78645
-1.970477,50,1596.654136
-1.321101,50,1597.560478
-1.287148,50,1598.463079
-1.306856,50,1599.448434
-1.357389,50,1600.313641
-1.657657,50,1601.15285
-1.536359,50,1601.973636
-1.265268,50,1602.891317
-1.014569,50,1603.828399
-1.716497,50,1604.670389
-1.668566,50,1605.54952
-1.178298,50,1606.562243
-1.230925,50,1607.501902
-1.421319,50,1608.732175
-0.893571,50,1610.017415
-1.129126,50,1611.216297
-1.70982,50,1612.601142
-1.338163,50,1613.965067
-1.329206,50,1615.07852
-1.720801,50,1616.200744
-1.704624,50,1617.263518
-1.352205,50,1618.324739
-1.769526,50,1619.53073
-1.415184,50,1620.55826
-1.624059,50,1621.551035
-1.437494,50,1622.633903
-1.306814,50,1623.578321
-1.601435,50,1624.602969
-1.229716,50,1625.631593
-1.489627,50,1626.498125
-0.765302,50,1627.50844
-1.692467,50,1628.494221
-1.723087,50,1629.395299
-1.170015,50,1630.575776
-1.822027,50,1631.447207
-1.515925,50,1632.463769
-1.40754,50,1633.330338
-1.673123,50,1634.202622
-1.371808,50,1635.095386
-1.122482,50,1636.102515
-1.268225,50,1637.004283
-1.331073,50,1637.989693
-1.785726,50,1638.872574
-1.909985,50,1639.840469
-1.62444,50,1640.799461
-1.244273,50,1641.670349
-1.572568,50,1642.862102
-0.853644,50,1644.573194
-1.451772,50,1645.567786
-1.847936,50,1646.44859
-1.452609,50,1647.322496
-1.573993,50,1648.262144
-1.463309,50,1649.112109
-1.870981,50,1650.068586
-1.583803,50,1650.945895
-1.48227,50,1651.858634
-2.07758,50,1652.749191
-1.131775,50,1653.657105
-1.932147,50,1654.487036
-0.951707,50,1655.35502
-1.440608,50,1656.293281
-1.86077,50,1657.14588
-1.175609,50,1658.175987
-0.977831,50,1659.080398
-0.815261,50,1659.94982
-1.259247,50,1660.791326
-0.979212,50,1661.661493
-1.960518,50,1662.667399
-1.434476,50,1663.523376
-1.210538,50,1664.529957
-1.044165,50,1665.44207
-1.403771,50,1666.330537
-1.589786,50,1667.222912
-1.746139,50,1668.047704
-1.541859,50,1668.875287
-1.586497,50,1670.012
-1.439625,50,1670.864521
-1.326635,50,1671.861886
-1.371658,50,1672.734561
-1.248368,50,1673.703495
-1.054551,50,1674.646562
-1.748158,50,1675.961648
-1.832904,50,1676.933536
-0.865387,50,1678.111964
-1.083046,50,1679.500879
-1.844747,50,1681.1272
-1.552405,50,1682.523013
-1.620779,50,1683.791092
-1.072901,50,1685.353359
-1.332014,50,1686.894084
-1.697069,50,1688.169831
-1.477662,50,1689.479146
-1.585223,50,1690.49309
-1.546971,50,1691.75273
-1.45952,50,1692.814519
-1.40498,50,1693.914537
-2.002114,50,1695.194448
-1.163611,50,1696.622341
-0.907296,50,1697.701302
-1.433828,50,1699.10159
-1.621517,50,1700.562005
-1.039366,50,1701.717651
-2.165587,50,1702.792651
-1.737179,50,1703.954732
-1.26657,50,1705.021203
-2.103436,50,1706.176294
-1.658258,50,1707.654785
-1.035428,50,1708.702276
-1.450396,50,1710.050618
-1.501513,50,1711.048829
-1.356402,50,1712.317047
-1.860616,50,1713.21477
-1.047641,50,1714.07523
-1.67952,50,1715.01238
-1.127088,50,1716.012871
-1.346716,50,1717.408539
-1.445356,50,1718.397282
-1.019771,50,1719.348551
-1.512761,50,1720.573313
-1.062097,50,1722.046518
-2.150432,50,1723.076664
-1.219471,50,1724.119133
-1.021776,50,1725.437672
-2.102744,50,1726.551261
-2.075517,50,1727.797914
-1.938747,50,1728.97726
-1.561747,50,1730.382778
-1.195855,50,1731.497158
-1.808952,50,1733.147645
-1.99642,50,1734.469679
-1.802222,50,1735.827812
-1.335261,50,1738.046926
-1.621663,50,1738.984567
-1.841209,50,1740.236928
-1.059554,50,1741.393079
-1.190069,50,1742.461488
-1.431674,50,1743.561833
-1.763601,50,1745.070326
-1.338829,50,1746.601868
-2.055693,50,1748.843834
-1.180604,50,1750.464262
-1.424883,50,1751.772748
-1.635399,50,1752.879726
-1.349021,50,1754.125082
-1.122477,50,1755.298062
-1.166884,50,1756.318367
-1.628255,50,1757.289467
-1.471642,50,1758.581093
-2.32995,50,1759.548144
-1.886866,50,1760.47443
-1.890378,50,1761.466565
-1.475988,50,1762.484523
-1.197914,50,1763.39687
-1.363773,50,1764.338653
-1.213003,50,1765.380677
-1.941063,50,1766.354706
-1.889833,50,1767.329222
-1.756588,50,1768.33865
-1.659572,50,1769.423086
-1.58036,50,1770.407509
-1.300645,50,1771.451802
-1.935586,50,1772.359064
-1.058037,50,1773.256949
-1.618938,50,1774.319946
-1.307389,50,1775.297658
-1.555855,50,1776.213409
-2.188338,50,1777.147503
-1.280029,50,1778.294473
-1.569974,50,1779.224047
-1.49948,50,1780.138962
-1.194151,50,1781.317854
-1.348471,50,1782.314597
-1.359532,50,1783.205562
-1.627605,50,1784.119752
-1.703432,50,1785.095378
-1.548598,50,1786.055072
-0.915066,50,1786.994576
-1.292657,50,1787.994431
-1.686434,50,1788.921741
-1.548883,50,1789.852865
-0.856014,50,1790.806813
-1.329475,50,1791.815704
-1.353146,50,1792.735544
-1.022208,50,1793.715434
-1.860321,50,1794.703786
-1.770185,50,1795.611515
-1.701132,50,1796.501585
-2.077258,50,1797.556226
-1.142035,50,1798.514409
-1.666756,50,1799.456208
-1.425061,50,1800.543152
-0.957359,50,1801.57456
-1.701322,50,1802.496482
-1.275087,50,1803.386761
-1.921029,50,1804.387796
-1.86346,50,1805.398046
-1.2036,50,1806.303173
-1.281685,50,1807.266162
-1.389021,50,1808.230615
-1.182165,50,1809.21957
-1.106566,50,1810.118828
-1.124694,50,1811.12714
-1.943,50,1812.056085
-1.79278,50,1813.120244
-1.861825,50,1814.067921
-1.409829,50,1815.000548
-1.540935,50,1815.921256
-0.993232,50,1816.877677
-1.635355,50,1817.957315
-1.724715,50,1818.921463
-0.955399,50,1819.846489
-1.523468,50,1821.043631
-1.272605,50,1821.999444
-1.900193,50,1822.897344
-1.169921,50,1823.81802
-1.099112,50,1824.914432
-1.941679,50,1825.810954
-1.283254,50,1826.741582
-0.800213,50,1827.890684
-1.452056,50,1828.861104
-1.251293,50,1829.754981
-1.058875,50,1830.753869
-1.725724,50,1831.672177
-0.934064,50,1832.625248
-1.559056,50,1833.541856
-1.776246,50,1834.515725
-1.242007,50,1835.44035
-1.257817,50,1836.386301
-1.493541,50,1837.488044
-1.19005,50,1838.410786
-1.796293,50,1839.325247
-1.178043,50,1840.273295
-1.5498,50,1841.234073
-0.900441,50,1842.156359
-1.376971,50,1843.052678
-1.380922,50,1844.110732
-1.106801,50,1845.00613
-1.445886,50,1845.905709
-1.5437,50,1847.218678
-1.493367,50,1849.081337
-1.742633,50,1850.249381
-1.937621,50,1851.297887
-2.067121,50,1852.27512
-1.644316,50,1853.346331
-1.523902,50,1854.371585
-1.391362,50,1855.335959
-2.006039,50,1856.257189
-1.514798,50,1857.515284
-0.89152,50,1858.865997
-1.081246,50,1859.881132
-1.494098,50,1861.147146
-1.18619,50,1862.161621
-1.465899,50,1863.075425
-0.94652,50,1864.174962
-1.659138,50,1865.147502
-1.454668,50,1866.165153
-1.333313,50,1867.575063
-2.093292,50,1868.526421
-1.790306,50,1869.390232
-2.017003,50,1870.385554
-1.703745,50,1871.710453
-1.061328,50,1872.829413
-1.145983,50,1873.71437
-1.804969,50,1874.657417
-1.406385,50,1875.530225
-1.589063,50,1876.390371
-0.88598,50,1877.314411
-1.613002,50,1878.390077
-1.128407,50,1879.310373
-1.52081,50,1880.164318
-0.956451,50,1881.509345
-1.4984,50,1882.609399
-1.890308,50,1883.55057
-1.843393,50,1885.009195
-1.14155,50,1885.903531
-1.37934,50,1886.894641
-1.105425,50,1887.843446
-1.125553,50,1888.747229
-1.312326,50,1890.123868
-1.450133,50,1891.369959
-1.301087,50,1892.383256
-2.075358,50,1893.551352
-1.245455,50,1894.893658
-1.367753,50,1895.919597
-1.376946,50,1896.85059
-1.258379,50,1898.352877
-2.528912,50,1899.846935
-1.314287,50,1901.186533
-1.380523,50,1902.157094
-2.24558,50,1903.06099
-1.927191,50,1904.427945
-1.427922,50,1906.166327
-1.942727,50,1907.246864
-1.968062,50,1908.29225
-1.564142,50,1909.271917
-1.918413,50,1910.190222
-1.339058,50,1911.064614
-1.2107,50,1911.935852
-1.797368,50,1912.848864
-1.469128,50,1913.8003
-1.811314,50,1914.862873
-1.797326,50,1915.797693
-1.27659,50,1916.801623
-1.323497,50,1917.849092
-1.693884,50,1918.890438
-1.691767,50,1919.84674
-1.3002,50,1920.924567
-1.563764,50,1922.103504
-1.266074,50,1923.083692
-0.823702,50,1923.975781
-1.423285,50,1924.969343
-1.393639,50,1926.513834
-1.250589,50,1927.662868
-1.419778,50,1928.761988
-1.257579,50,1930.162042
-1.645597,50,1931.57141
-1.711902,50,1932.801108
-1.567198,50,1933.727744
-1.27192,50,1934.744012
-1.039594,50,1935.840846
-1.049098,50,1936.990229
-1.503686,50,1940.465287
-1.669799,50,1944.812857
-1.389535,50,1946.388405
-1.514953,50,1948.788917
-0.928127,50,1950.118886
-1.744197,50,1951.391993
-1.509025,50,1953.704975
-1.542044,50,1954.627919
-2.048997,50,1955.510899
-1.285169,50,1956.399202
-0.914592,50,1957.356372
-1.592736,50,1958.782251
-1.586565,50,1959.981179
-1.797145,50,1962.421118
-1.191676,50,1963.878246
-1.75047,50,1965.455903
-1.537567,50,1966.4442
-1.236682,50,1967.458812
-1.065131,50,1968.473125
-1.248714,50,1969.368861
-1.449937,50,1970.353734
-1.127983,50,1971.542512
-1.116232,50,1972.733987
-1.438839,50,1973.665825
-1.568528,50,1974.693254
-1.870572,50,1975.676044
-1.907543,50,1976.816287
-1.544375,50,1977.794069
-1.447736,50,1978.951603
-1.766794,50,1979.944557
-1.87571,50,1981.084979
-1.534453,50,1981.961015
-0.917967,50,1982.808965
-0.801716,50,1983.65274
-1.756492,50,1984.544413
-1.139697,50,1985.403612
-1.05744,50,1986.249552
-1.196038,50,1987.080709
-1.138504,50,1988.033153
-2.014719,50,1988.886742
-1.564437,50,1989.744236
-1.353947,50,1990.644317
-1.395295,50,1991.585735
-1.558119,50,1992.507619
-0.982742,50,1993.391981
-1.282188,50,1994.642663
-1.437638,50,1995.695875
-1.914607,50,1996.908301
-0.922727,50,1998.456498
-1.603479,50,1999.839318
-2.092911,50,2001.136402
-1.702242,50,2002.351589
-1.865895,50,2003.509051
-1.388952,50,2004.414755
-2.004391,50,2005.392163
-0.772258,50,2006.299141
-1.834476,50,2007.448729
-1.318394,50,2008.691879
-1.580926,50,2010.310408
-1.632748,50,2011.961142
-1.188577,50,2013.668858
-1.434576,50,2015.046126
-2.200348,50,2016.45575
-1.466104,50,2017.556787
-1.308284,50,2018.448421
-1.597605,50,2019.390461
-1.140825,50,2020.311186
-1.405063,50,2021.665899
-1.364421,50,2023.780252
-0.748365,50,2024.825373
-1.173622,50,2025.812497
-1.727034,50,2026.663319
-1.499686,50,2027.570235
-1.558154,50,2028.477408
-1.480966,50,2029.52424
-1.743248,50,2030.645306
-1.504246,50,2031.542131
-1.183264,50,2032.729239
-1.186,50,2034.303356
-1.018443,50,2035.852057
-1.378174,50,2037.92181
-1.191209,50,2039.58777
-1.516983,50,2040.611175
-1.301299,50,2041.498399
-1.393211,50,2042.35962
-1.655382,50,2043.229939
-2.111695,50,2044.120726
-1.500263,50,2045.049095
-1.704426,50,2046.061894
-0.958413,50,2046.943476
-1.515976,50,2047.895981
-1.377398,50,2048.773254
-1.943758,50,2049.685479
-1.213647,50,2050.809774
-1.527966,50,2051.923579
-1.857078,50,2052.87272
-1.64039,50,2053.722294
-1.414108,50,2054.610556
-1.097838,50,2055.538597
-1.826209,50,2056.43995
-1.237046,50,2057.470596
-1.04472,50,2058.411131
-1.520425,50,2060.010185
-1.171543,50,2061.497314
-1.378834,50,2062.792574
-1.824243,50,2064.222224
-0.954469,50,2066.069097
-1.273088,50,2068.339913
-1.187028,50,2069.931293
-1.990586,50,2072.124177
-1.037735,50,2073.63271
-1.578169,50,2075.410489
-1.468942,50,2076.948447
-1.527555,50,2078.641318
-1.71837,50,2080.090669
-1.582684,50,2081.363292
-1.177766,50,2082.531314
-1.102979,50,2083.407919
-1.11756,50,2084.349169
-1.721081,50,2085.221349
-1.258405,50,2086.067515
-2.266746,50,2086.935226
-1.200644,50,2087.875118
-0.957631,50,2088.730216
-2.100915,50,2089.603904
-1.110037,50,2090.627137
-1.903372,50,2091.744582
-1.36564,50,2092.594691
-2.824621,50,2093.429677
-1.846567,50,2094.285737
-1.619553,50,2095.207589
-0.907999,50,2096.060027
-1.732,50,2096.901954
-1.231574,50,2097.780138
-1.670819,50,2098.702239
-1.021291,50,2099.630148
-2.420128,50,2100.49211
-1.782763,50,2101.328689
-1.931138,50,2102.223838
-1.068018,50,2103.092552
-1.980991,50,2103.925118
-1.445466,50,2104.783681
-1.408686,50,2105.755715
-1.749949,50,2106.61103
-2.142011,50,2107.491651
-1.082538,50,2108.333192
-1.024091,50,2109.265681
-1.340553,50,2110.107681
-1.353339,50,2110.944951
-1.323131,50,2111.809545
-1.417565,50,2112.724929
-1.777135,50,2113.590384
-1.546873,50,2114.433892
-1.637354,50,2115.259532
-0.893156,50,2116.144164
-1.140185,50,2116.998375
-1.311722,50,2118.053512
-1.172206,50,2118.924257
-1.686289,50,2119.810614
-1.943765,50,2120.751642
-1.107641,50,2121.593502
-1.201262,50,2122.453402
-1.992909,50,2123.336525
-2.15996,50,2124.178857
-1.529397,50,2125.043375
-1.852951,50,2125.876503
-1.935895,50,2126.799387
-1.943958,50,2127.688938
-1.149173,50,2128.589077
-1.404891,50,2129.507722
-1.257692,50,2130.412884
-1.236037,50,2131.280188
-1.626805,50,2132.149572
-1.685849,50,2133.090138
-1.120482,50,2133.999043
-1.503751,50,2134.850039
-1.160253,50,2135.723625
-1.201981,50,2136.576843
-1.518307,50,2137.540989
-1.50845,50,2138.417642
-0.866669,50,2139.259443
-0.985968,50,2140.11459
-1.907731,50,2141.002666
-1.706355,50,2141.924704
-1.685472,50,2142.789437
-2.07741,50,2143.702426
-1.605015,50,2144.608915
-2.122213,50,2145.453324
-1.686655,50,2146.281376
-1.507994,50,2147.139593
-1.889961,50,2148.087867
-1.15984,50,2148.956132
-1.437928,50,2149.811321
-1.573811,50,2150.649445
-2.336133,50,2151.567559
-1.111736,50,2152.409212
-1.06396,50,2153.2559
-1.223809,50,2154.089953
-1.378697,50,2154.989059
-1.847568,50,2155.894034
-1.617559,50,2156.730565
-2.383676,50,2157.629018
-0.977351,50,2158.524373
-1.173086,50,2159.468579
-1.934393,50,2160.320358
-1.23571,50,2161.150787
-1.904495,50,2162.056511
-1.256084,50,2162.905301
-1.052534,50,2163.760025
-1.612154,50,2164.621419
-1.56174,50,2165.495899
-1.606024,50,2166.353755
-1.652514,50,2167.193321
-1.035424,50,2168.061554
-2.185177,50,2168.989791
-1.350825,50,2169.978451
-1.011517,50,2170.842666
-1.413811,50,2171.686416
-1.132613,50,2172.569728
-1.693873,50,2173.431221
-1.762097,50,2174.272221
-1.428934,50,2175.124094
-1.413978,50,2176.01209
-1.713672,50,2176.861972
-1.490947,50,2177.755969
-1.923746,50,2178.607898
-2.021477,50,2179.503085
-1.768664,50,2180.430523
-1.117033,50,2181.274371
-1.860613,50,2182.134269
-0.964422,50,2183.009091
-0.960103,50,2183.86831
-1.612089,50,2184.709212
-0.828208,50,2185.540898
-1.279967,50,2186.460701
-2.193435,50,2187.309555
-1.224116,50,2188.211951
-1.867716,50,2189.058998
-1.950359,50,2189.981669
-1.872875,50,2190.861567
-2.053724,50,2191.696482
-1.278084,50,2192.641621
-1.250611,50,2193.543206
-1.510377,50,2194.388568
-1.351001,50,2195.251346
-1.6069,50,2196.100218
-1.992837,50,2197.052962
-1.242081,50,2197.93734
-1.109152,50,2198.789731
-1.174189,50,2199.665911
-1.783638,50,2200.539
-1.697826,50,2201.499174
-1.521554,50,2202.463185
-1.940104,50,2203.347245
-1.127405,50,2204.272853
-1.40893,50,2205.115258
-1.679346,50,2206.256844
-1.345377,50,2207.244725
-1.578574,50,2208.202078
-1.882983,50,2209.121629
-1.648881,50,2209.999044
-1.648821,50,2211.144775
-1.447254,50,2212.28027
-1.803718,50,2213.463247
-1.386487,50,2214.35491
-2.555742,50,2215.26402
-1.885362,50,2216.344254
-1.058922,50,2217.992548
-1.679399,50,2219.112849
-2.48292,50,2220.168305
-2.087736,50,2222.253927
-1.614078,50,2223.807402
-1.496266,50,2225.184557
-0.987102,50,2227.129102
-1.854284,50,2228.647006
-1.137385,50,2229.657494
-1.599083,50,2230.673415
-2.101537,50,2231.658818
-2.013258,50,2232.692318
-1.909538,50,2233.582321
-1.483602,50,2234.460519
-1.727916,50,2235.455054
-1.614826,50,2236.55491
-1.15686,50,2237.592158
-1.359051,50,2238.993294
-1.529962,50,2240.264855
-1.305572,50,2241.749854
-1.660205,50,2243.115119
-1.076206,50,2244.369326
-1.794664,50,2245.839112
-1.158921,50,2247.063067
-0.829983,50,2248.830313
-0.978473,50,2250.138728
-1.735582,50,2251.176455
-1.59718,50,2252.113999
-1.411889,50,2253.148673
-1.427098,50,2254.502369
-1.326888,50,2255.784596
-1.40261,50,2257.012556
-0.971894,50,2258.013982
-1.892785,50,2259.188415
-1.85777,50,2260.205962
-1.011935,50,2261.846417
-1.36139,50,2263.307193
-1.116088,50,2265.138138
-0.795308,50,2266.586775
-1.134345,50,2268.640181
-1.33672,50,2269.804623
-1.625193,50,2272.377585
-1.324402,50,2274.159054
-1.831658,50,2275.52799
-1.137524,50,2276.451698
-1.926958,50,2277.639545
-1.414482,50,2279.067292
-0.993959,50,2280.154293
-1.17742,50,2281.124527
-2.580801,50,2282.084085
-1.332386,50,2283.088096
-1.559432,50,2284.471239
-2.062142,50,2285.431793
-1.626275,50,2286.456012
-1.640577,50,2287.584871
-1.303012,50,2288.884146
-1.664213,50,2289.990155
-0.927704,50,2291.011943
-1.101589,50,2291.849842
-1.148109,50,2292.947329
-1.067473,50,2294.21053
-1.66457,50,2295.17418
-1.294012,50,2296.104455
-1.095227,50,2297.236588
-1.311903,50,2298.312361
-1.246133,50,2299.279852
-1.698148,50,2300.291425
-1.066688,50,2301.365692
-1.663734,50,2302.413225
-1.996037,50,2303.434908
-1.250858,50,2304.41508
-1.046038,50,2305.472048
-1.485593,50,2306.592009
-1.265467,50,2307.638724
-1.406221,50,2308.545068
-1.332796,50,2309.575707
-1.402158,50,2311.101734
-0.894445,50,2312.727477
-0.887859,50,2314.274913
-1.3159,50,2315.263888
-1.13346,50,2316.306788
-1.258757,50,2317.164628
-1.260184,50,2318.326219
-1.539276,50,2319.785501
-1.154518,50,2320.970047
-1.422365,50,2322.685308
-1.168537,50,2323.893251
-1.030001,50,2324.81899
-1.274289,50,2325.995798
-0.962986,50,2327.5361
-1.108447,50,2328.661533
-1.317382,50,2330.116398
-1.306552,50,2331.36085
-1.43904,50,2332.53833
-1.714224,50,2333.617836
-1.984084,50,2334.770243
-1.634887,50,2336.418864
-1.946291,50,2337.515151
-1.869085,50,2338.553596
-2.016324,50,2340.236496
-1.245874,50,2341.16479
-1.694478,50,2342.499832
-1.644104,50,2343.505191
-1.900228,50,2344.943324
-0.952546,50,2346.052663
-1.739726,50,2347.106524
-1.444481,50,2348.091063
-1.531153,50,2349.058956
-1.41046,50,2350.01979
-1.16533,50,2350.962004
-1.756377,50,2351.877306
-1.116411,50,2352.835716
-1.356364,50,2353.745903
-1.173621,50,2354.709108
-0.967336,50,2355.751581
-1.432038,50,2356.70492
-1.640049,50,2357.808655
-1.735926,50,2358.744518
-1.172295,50,2359.700514
-1.440356,50,2360.673144
-1.324331,50,2361.63483
-0.993158,50,2362.553969
-1.628273,50,2363.488207
-1.673507,50,2364.439901
-1.486555,50,2365.343846
-1.380805,50,2366.383784
-1.377725,50,2367.337673
-1.72272,50,2368.365287
-1.054796,50,2369.292878
-0.986862,50,2370.245028
-1.830419,50,2371.158665
-1.57873,50,2372.156472
-1.534751,50,2373.197253
-1.249929,50,2374.101509
-1.668102,50,2375.077717
-1.85218,50,2376.042872
-1.885706,50,2376.974744
-1.058603,50,2377.931179
-1.72832,50,2378.843011
-0.80783,50,2379.80592
-1.352631,50,2380.718279
-1.456211,50,2381.638997
-1.301031,50,2382.544168
-2.05532,50,2383.511391
-1.338765,50,2384.420344
-0.947639,50,2385.338029
-1.879648,50,2386.272424
-1.389914,50,2387.461949
-2.141468,50,2388.44401
-1.175287,50,2389.374036
-1.630237,50,2390.301831
-1.006008,50,2391.312787
-1.431219,50,2392.2593
-1.988691,50,2393.159351
-0.890575,50,2394.053936
-1.982531,50,2395.05969
-1.821199,50,2395.967841
-1.189889,50,2396.897114
-1.079443,50,2397.844686
-1.999481,50,2398.827132
-1.528466,50,2399.751151
-1.853708,50,2400.650966
-1.040153,50,2401.580612
-1.364074,50,2402.534491
-1.560413,50,2403.558086
-1.697072,50,2404.461661
-1.294943,50,2405.405832
-1.17409,50,2406.348416
-1.9852,50,2407.262256
-2.043025,50,2408.234907
-1.011567,50,2409.143503
-1.287447,50,2410.124946
-1.576643,50,2411.055452
-1.619038,50,2411.987647
-2.005904,50,2412.906203
-0.951485,50,2413.888973
-1.086091,50,2414.902048
-1.973553,50,2415.805768
-1.688272,50,2416.746789
-1.674479,50,2417.742462
-1.522907,50,2418.711394
-1.350127,50,2419.623021
-2.20249,50,2420.55848
-1.124402,50,2421.54674
-1.384409,50,2422.555818
-1.371137,50,2423.500466
-1.203252,50,2424.431034
-1.600143,50,2425.744742
-1.9047,50,2426.691441
-1.49875,50,2427.635643
-1.023092,50,2428.60119
-1.095645,50,2429.600001
-1.319778,50,2430.533322
-1.091449,50,2431.496984
-1.379313,50,2432.471803
-1.975928,50,2433.429952
-1.778987,50,2434.379007
-1.897895,50,2435.316969
-2.06185,50,2436.270853
-0.961444,50,2437.250418
-1.587246,50,2438.363923
-1.682012,50,2439.309121
-1.238327,50,2440.216767
-1.314634,50,2441.222685
-1.047596,50,2442.246528
-1.513689,50,2443.193594
-1.693296,50,2444.085978
-1.058152,50,2445.068492
-1.803265,50,2446.092082
-1.049442,50,2447.007468
-2.198702,50,2447.997376
-1.776286,50,2448.940073
-1.45335,50,2449.896312
-2.062969,50,2450.793576
-1.73212,50,2451.704824
-1.786281,50,2452.667473
-1.395122,50,2453.571941
-1.577285,50,2454.489017
-1.958501,50,2455.428976
-1.556207,50,2456.491161
-1.338785,50,2457.416924
-1.366206,50,2458.398088
-1.347186,50,2459.308583
-1.419674,50,2460.291101
-1.330851,50,2461.31286
-1.828793,50,2462.210073
-1.520052,50,2463.127613
-1.386282,50,2464.062333
-1.716017,50,2465.011688
-0.986787,50,2465.914729
-1.14587,50,2466.808198
-2.105188,50,2467.832435
-1.196769,50,2468.88021
-1.584048,50,2469.814435
-1.635231,50,2470.723512
-1.814589,50,2471.864133
-1.305254,50,2472.777358
-1.025359,50,2473.712046
-1.308139,50,2474.610362
-1.582657,50,2475.576123
-1.439849,50,2476.513984
-1.322895,50,2477.437676
-1.120561,50,2478.420864
-1.316738,50,2479.404676
-1.886905,50,2480.416113
-1.171974,50,2481.316113
-1.476829,50,2482.234299
-1.000777,50,2483.221215
-1.753319,50,2484.143529
-1.37692,50,2485.076936
-1.155315,50,2485.981221
-1.905591,50,2486.951387
-1.78952,50,2487.904011
-1.257851,50,2488.843801
-1.918294,50,2489.815045
-1.159807,50,2490.888403
-1.755983,50,2491.807534
-1.364418,50,2492.847026
-1.875832,50,2493.799478
-1.353768,50,2494.758615
-1.481557,50,2495.721029
-1.177891,50,2496.633538
-2.132602,50,2497.949139
-1.232607,50,2499.066857
-1.154271,50,2500.086582
-1.828899,50,2501.131865
-1.447956,50,2502.195742
-1.756885,50,2503.194444
-1.235158,50,2504.250517
-1.496218,50,2505.238038
-1.713381,50,2506.195283
-1.899661,50,2507.352483
-1.168167,50,2508.408855
-1.228326,50,2509.448771
-1.35652,50,2510.411199
-1.730562,50,2511.420079
-1.47709,50,2512.410738
-0.936012,50,2513.394582
-1.066129,50,2514.389547
-1.683182,50,2515.485304
-1.605725,50,2516.561599
-1.289749,50,2517.586035
-1.327086,50,2518.599755
-1.781929,50,2520.033633
-1.274487,50,2521.041207
-1.260717,50,2522.150049
-1.773124,50,2523.106157
-1.612068,50,2524.281247
-1.708388,50,2525.246065
-1.902691,50,2526.209336
-1.621342,50,2527.228403
-1.969238,50,2528.440691
-1.018894,50,2529.438545
-1.333487,50,2530.567951
-1.570561,50,2531.569456
-1.63625,50,2532.752227
-1.740632,50,2533.747425
-1.649344,50,2534.70523
-1.635205,50,2535.656864
-1.096792,50,2537.162126
-1.563773,50,2538.181197
-1.00274,50,2539.308744
-1.524442,50,2540.386923
-1.854081,50,2541.62238
-1.24077,50,2542.607252
-0.99436,50,2543.638149
-1.961471,50,2544.737108
-1.08021,50,2545.861866
-1.883577,50,2546.833141
-0.882405,50,2547.740554
-1.621194,50,2548.777242
-1.354484,50,2549.771169
-1.610777,50,2550.714921
-1.198388,50,2551.623078
-1.748273,50,2552.549186
-0.76569,50,2553.545904
-1.515838,50,2554.472373
-1.963926,50,2555.417158
-2.431554,50,2556.348672
-1.330556,50,2557.312696
-0.990702,50,2558.283666
-1.212596,50,2559.252112
-1.332727,50,2560.30784
-1.200507,50,2561.463552
-1.560278,50,2562.397346
-1.334135,50,2563.375616
-1.743077,50,2564.29937
-1.933054,50,2565.238667
-1.369799,50,2566.197381
-1.976805,50,2567.117978
-1.610304,50,2568.06796
-1.895844,50,2569.012733
-1.963625,50,2569.954471
-1.583998,50,2570.932213
-1.781385,50,2571.900595
-1.136828,50,2572.859552
-1.616503,50,2573.766857
-1.144823,50,2574.718654
-1.017529,50,2575.622615
-1.284178,50,2576.571768
-1.951987,50,2577.508315
-1.482424,50,2578.483666
-2.028942,50,2579.406249
-2.039083,50,2580.361465
-1.413514,50,2581.376901
-1.793364,50,2582.301466
-1.507916,50,2583.205353
-1.239607,50,2584.167147
-1.703549,50,2585.077023
-1.535735,50,2586.036718
-1.500122,50,2586.932743
-1.516783,50,2587.968482
-1.474851,50,2589.068455
-2.213459,50,2589.992396
-1.579649,50,2590.910397
-1.931252,50,2591.862624
-1.172741,50,2592.824396
-1.082732,50,2593.840785
-1.337953,50,2594.778296
-1.236406,50,2595.733372
-1.238599,50,2596.67454
-1.399525,50,2597.598358
-1.330865,50,2598.555072
-1.270419,50,2599.725069
-0.869641,50,2600.657161
-1.780614,50,2601.576528
-1.403342,50,2602.478168
-1.712834,50,2603.468295
-1.55612,50,2604.514339
-1.410056,50,2605.45838
-1.364493,50,2606.365234
-1.195625,50,2607.313045
-1.241303,50,2608.307553
-1.906483,50,2609.371902
-1.535597,50,2610.313617
-1.19173,50,2611.259499
-0.707036,50,2612.196703
-1.028846,50,2613.125406
-1.875728,50,2614.030825
-0.864969,50,2615.034812
-1.119566,50,2616.135194
-1.757041,50,2617.082211
-2.021472,50,2618.034036
-1.587688,50,2619.023911
-1.264007,50,2619.951299
-1.41717,50,2620.880108
-1.291076,50,2621.789552
-1.476014,50,2622.761157
-1.427077,50,2623.705263
-1.551673,50,2624.59745
-1.357817,50,2625.522408
-1.821782,50,2626.449657
-0.945365,50,2627.387736
-1.252727,50,2628.349713
-1.659297,50,2629.358614
-1.555171,50,2630.368118
-1.140562,50,2631.381901
-0.842228,50,2632.375492
-1.632251,50,2633.37969
-0.91038,50,2634.340371
-0.887197,50,2635.259452
-1.368548,50,2636.18322
-1.717673,50,2637.083603
-1.208329,50,2638.068718
-1.180956,50,2639.01159
-1.579027,50,2639.943474
-1.822152,50,2640.997463
-1.025971,50,2641.991013
-2.052433,50,2642.938214
-1.363844,50,2643.840387
-1.501004,50,2644.739899
-1.522217,50,2645.825058
-1.604339,50,2646.767816
-1.609427,50,2647.698872
-1.40199,50,2648.644518
-1.849906,50,2649.637946
-1.138874,50,2650.560029
-1.532021,50,2651.457124
-1.783874,50,2652.369431
-1.82624,50,2653.316922
-1.224726,50,2654.24245
-0.981737,50,2655.146904
-2.130942,50,2656.075464
-1.652927,50,2657.024837
-1.247417,50,2658.086587
-1.928274,50,2659.018994
-1.375007,50,2659.947679
-1.088844,50,2660.918556
-1.096123,50,2661.853418
-1.378089,50,2662.786988
-1.037697,50,2663.702832
-1.801832,50,2664.692164
-1.593946,50,2665.609759
-1.141714,50,2666.510571
-0.93773,50,2667.456306
-1.333147,50,2668.44619
-1.643615,50,2669.396725
-0.916656,50,2670.311364
-0.911177,50,2671.219731
-1.050866,50,2672.155428
-0.966951,50,2673.158369
-1.225586,50,2674.092496
-1.385211,50,2674.995142
-1.22744,50,2675.984437
-1.19601,50,2676.922309
-1.501698,50,2677.855435
-1.010256,50,2678.811298
-1.462576,50,2679.795778
-1.005891,50,2680.742593
-1.12698,50,2681.649987
-0.921193,50,2682.577269
-1.758049,50,2683.515644
-1.062704,50,2684.547039
-1.521059,50,2685.454962
-1.07206,50,2686.359899
-1.907265,50,2687.343243
-1.164442,50,2688.290989
-1.723569,50,2689.237833
-1.406352,50,2690.275122
-1.297611,50,2691.248276
-1.181954,50,2692.187003
-1.612546,50,2693.091542
-1.315819,50,2694.004754
-0.991134,50,2694.972426
-1.595062,50,2695.910629
-1.551341,50,2696.824761
-1.464244,50,2697.760756
-1.194158,50,2698.747442
-1.47403,50,2699.77409
-1.261425,50,2700.693222
-1.685842,50,2701.593495
-0.899697,50,2702.568655
-1.937893,50,2703.48425
-1.103676,50,2704.405498
-1.738393,50,2705.311956
-1.341023,50,2706.256505
-0.803258,50,2707.228998
-1.867964,50,2708.145027
-1.272391,50,2709.090614
-1.80086,50,2710.096396
-1.277535,50,2711.02406
-0.890889,50,2711.926603
-1.262905,50,2712.824091
-1.444449,50,2713.796635
-1.148323,50,2714.702367
-1.983613,50,2715.642786
-1.141417,50,2716.548468
-1.868185,50,2717.52715
-1.172831,50,2718.588145
-1.122184,50,2719.50898
-1.568107,50,2720.418812
-1.032927,50,2721.36093
-1.35312,50,2722.30884
-2.03143,50,2723.228421
-1.409911,50,2724.15303
-1.185815,50,2725.132482
-1.080487,50,2726.052494
-1.851412,50,2726.980949
-1.660218,50,2727.881607
-1.72848,50,2728.923323
-1.769719,50,2729.843667
-1.365323,50,2730.775513
-1.018117,50,2731.689165
-1.481698,50,2732.645654
-1.608409,50,2733.581329
-1.46495,50,2734.479641
-1.474857,50,2735.404652
-1.586478,50,2736.356733
-1.159938,50,2737.346144
-1.381622,50,2738.597364
-1.12079,50,2739.538325
-1.186351,50,2740.49276
-1.496152,50,2741.399429
-0.912058,50,2742.324946
-1.219755,50,2743.21567
-1.186389,50,2744.187547
-1.038574,50,2745.097675
-1.953468,50,2746.286661
-1.348084,50,2747.21866
-1.349181,50,2748.19425
-1.938302,50,2749.142066
-1.124781,50,2750.062726
-1.18934,50,2750.9946
-1.37892,50,2751.9244
-1.240769,50,2752.861774
-1.49086,50,2753.765045
-1.46604,50,2754.681405
-1.458599,50,2755.613526
-1.761532,50,2756.512628
-1.546311,50,2757.431823
-1.229135,50,2758.461946
-1.394187,50,2759.426763
-1.141525,50,2760.342479
-1.35717,50,2761.240294
-1.056391,50,2762.160322
-1.346369,50,2763.087344
-1.13795,50,2764.020081
-1.699651,50,2764.916061
-1.357775,50,2765.834933
-1.127566,50,2766.802585
-1.035458,50,2767.708017
-1.358641,50,2768.667418
-0.829247,50,2769.610185
-1.84678,50,2770.60238
-1.714404,50,2771.505109
-1.53613,50,2772.427361
-1.233666,50,2773.32384
-1.331564,50,2774.259362
-1.005819,50,2775.182902
-1.104431,50,2776.110983
-1.425584,50,2777.190174
-0.947066,50,2778.295234
-2.024372,50,2779.227768
-1.505719,50,2780.169946
-1.677719,50,2781.283199
-0.807148,50,2782.440648
-1.685753,50,2783.467884
-1.863634,50,2784.534101
-1.264051,50,2785.486223
-0.988584,50,2786.442641
-1.229674,50,2787.364713
-1.37142,50,2788.345703
-1.632706,50,2789.271623
-3.00777,50,2790.324181
-0.903218,50,2791.23375
-1.526397,50,2792.167464
-2.060567,50,2793.084256
-1.354941,50,2794.028248
-1.661805,50,2794.969449
-1.256665,50,2795.872255
-0.969277,50,2796.818095
-1.265012,50,2797.759925
-2.057769,50,2798.753287
-1.035054,50,2799.658406
-1.391355,50,2800.573553
-1.796911,50,2801.542628
-1.305738,50,2802.546455
-1.820073,50,2803.466929
-1.721942,50,2804.363897
-1.622681,50,2805.383075
-1.713026,50,2806.299212
-1.399557,50,2807.204761
-1.676779,50,2808.131422
-1.39398,50,2809.084931
-1.229185,50,2810.038511
-1.967396,50,2810.96468
-1.85912,50,2811.900554
-1.945322,50,2812.83905
-0.952983,50,2813.758319
-1.283628,50,2814.679402
-1.790266,50,2815.589201
-1.561001,50,2816.537663
-1.362235,50,2817.442028
-1.135855,50,2818.508748
-1.881344,50,2819.412013
-1.382995,50,2820.391179
-0.990295,50,2821.319643
-1.602299,50,2822.212826
-1.063854,50,2823.138946
-1.679226,50,2824.082989
-1.319975,50,2825.012809
-1.582487,50,2825.912823
-1.060606,50,2826.808355
-1.60803,50,2827.804021
-1.456005,50,2828.753946
-1.057424,50,2829.687632
-1.189393,50,2830.60769
-1.332147,50,2831.580955
-1.820296,50,2832.626502
-1.816046,50,2833.531672
-1.556706,50,2834.46094
-1.518742,50,2835.428794
-1.79555,50,2836.443897
-1.618967,50,2837.354141
-2.065272,50,2838.334762
-1.163166,50,2839.274967
-1.219348,50,2840.201923
-1.14297,50,2841.131943
-1.127934,50,2842.033423
-1.572018,50,2843.017186
-1.158245,50,2843.932772
-1.733813,50,2844.863132
-1.127541,50,2845.79427
-1.653374,50,2846.753206
-1.407946,50,2847.776083
-1.831052,50,2848.720556
-1.67396,50,2849.659303
-1.209218,50,2850.617406
-1.342097,50,2851.549162
-1.553008,50,2852.453858
-1.267595,50,2853.354793
-1.282298,50,2854.303581
-1.044882,50,2855.215596
-1.268195,50,2856.147867
-0.858567,50,2857.051594
-1.812677,50,2858.061441
-1.542351,50,2859.101954
-0.776777,50,2860.049355
-1.996532,50,2861.019138
-1.002587,50,2861.958177
-1.70252,50,2863.015621
-1.511103,50,2863.922319
-2.54855,50,2864.854652
-1.323964,50,2865.80497
-1.475806,50,2866.755615
-1.148477,50,2867.671231
-1.211214,50,2868.616928
-1.712832,50,2869.588769
-1.519725,50,2870.509278
-1.692336,50,2871.434262
-1.072849,50,2872.334403
-1.36094,50,2873.310395
-1.562565,50,2874.222065
-1.405088,50,2875.148679
-1.371161,50,2876.077217
-1.36179,50,2876.998353
-1.674685,50,2878.014496
-1.613316,50,2878.972726
-1.169249,50,2879.906147
-1.592755,50,2880.835605
-0.889315,50,2881.743942
-1.353882,50,2882.667309
-1.143546,50,2883.567124
-1.918232,50,2884.546867
-1.165135,50,2885.487518
-0.891795,50,2886.410657
-1.562765,50,2887.314319
-1.359356,50,2888.315852
-1.530626,50,2889.349704
-1.498525,50,2890.258024
-1.412121,50,2891.173886
-1.753787,50,2892.258055
-1.301317,50,2893.194913
-0.930933,50,2894.085384
-1.545713,50,2894.977427
-1.41168,50,2895.951785
-1.766052,50,2896.849466
-1.450337,50,2897.793738
-1.612863,50,2898.750305
-0.843304,50,2899.723498
-1.264842,50,2900.722244
-1.434605,50,2901.623164
-1.415493,50,2902.547311
-1.482815,50,2903.48421
-0.880336,50,2904.43644
-0.917846,50,2905.345536
-1.684122,50,2906.274512
-1.230158,50,2907.25598
-1.089575,50,2908.179855
-1.97186,50,2909.161926
-1.778908,50,2910.088521
-1.004516,50,2911.065489
-1.815834,50,2911.98742
-1.815598,50,2912.928675
-1.954815,50,2913.84518
-1.095539,50,2914.810915
-1.238656,50,2915.757123
-1.303115,50,2916.66468
-1.10346,50,2917.625838
-1.604034,50,2918.620186
-1.757006,50,2919.657066
-1.637006,50,2920.565007
-1.223354,50,2921.476888
-0.984501,50,2922.408602
-1.193987,50,2923.335893
-1.231556,50,2924.281095
-1.083646,50,2925.184162
-1.253583,50,2926.159284
-1.62777,50,2927.082107
-1.156697,50,2927.988653
-1.633527,50,2928.956804
-1.587447,50,2930.005494
-1.219502,50,2930.944581
-1.313686,50,2931.853257
-1.957848,50,2932.784449
-1.371217,50,2933.769304
-1.431185,50,2934.797091
-1.371571,50,2935.70175
-1.744263,50,2936.608175
-1.592332,50,2937.608784
-0.868449,50,2938.566701
-1.874708,50,2939.510581
-1.393412,50,2940.428256
-1.068064,50,2941.404583
-1.402584,50,2942.322139
-1.552561,50,2943.216409
-2.179722,50,2944.136752
-1.274566,50,2945.082249
-1.766201,50,2946.173136
-1.635446,50,2947.075282
-1.732506,50,2948.033656
-1.69627,50,2949.001214
-1.938211,50,2949.936406
-1.510643,50,2950.864491
-1.205295,50,2951.761735
-1.701934,50,2952.751836
-1.444306,50,2953.655244
-1.686905,50,2954.57947
-1.519054,50,2955.476801
-0.997679,50,2956.414194
-1.011489,50,2957.350333
-0.946746,50,2958.276945
-1.229694,50,2959.233953
-1.446382,50,2960.196665
-1.237273,50,2961.22189
-1.486354,50,2962.127111
-1.232632,50,2963.026375
-1.765957,50,2963.987986
-1.622962,50,2964.905234
-1.29976,50,2965.839378
-1.650224,50,2966.744604
-1.69379,50,2967.713629
-1.382178,50,2968.682319
-0.957531,50,2969.60254
-1.305237,50,2970.532684
-1.205339,50,2971.515299
-1.312026,50,2972.446275
-1.562642,50,2973.347135
-1.584137,50,2974.267127
-1.395442,50,2975.211946
-1.458139,50,2976.126127
-1.573585,50,2977.055895
-1.253988,50,2977.975846
-1.822814,50,2978.999121
-1.64553,50,2980.020184
-2.371074,50,2980.94997
-1.560121,50,2981.849871
-1.286618,50,2982.782955
-1.195333,50,2983.732795
-2.112155,50,2984.636645
-1.402045,50,2985.562396
-1.852926,50,2986.492339
-1.033502,50,2987.440569
-1.732384,50,2988.368055
-1.68692,50,2989.283135
-1.451346,50,2990.274113
-1.436445,50,2991.185296
-2.020105,50,2992.114488
-1.648906,50,2993.025917
-1.948816,50,2994.006724
-1.882851,50,2994.926079
-1.101,50,2995.833825
-0.910303,50,2996.766403
-1.307886,50,2997.796773
-1.548092,50,2998.894375
-1.996173,50,2999.812897
-1.448884,50,3000.734186
-1.420871,50,3001.729501
-1.471766,50,3002.845001
-1.023044,50,3003.923442
-1.641289,50,3004.90303
-1.525046,50,3006.135054
-1.113396,50,3007.072856
-2.170155,50,3007.977339
-1.715474,50,3008.935671
-1.651034,50,3009.922946
-1.023621,50,3010.835816
-1.201292,50,3011.75404
-1.236394,50,3012.663421
-0.827807,50,3013.617448
-1.489078,50,3014.539005
-1.90285,50,3015.442584
-1.943249,50,3016.360883
-1.207463,50,3017.314468
-1.471643,50,3018.264755
-1.300747,50,3019.208656
-1.026539,50,3020.133046
-1.647049,50,3021.090712
-1.140545,50,3022.088701
-1.712292,50,3023.022646
-1.206711,50,3023.924514
-1.058616,50,3024.956086
-1.208624,50,3025.866934
-1.18424,50,3026.791367
-0.995803,50,3027.693311
-1.682221,50,3028.697647
-1.765623,50,3029.654222
-2.072158,50,3030.566901
-1.950828,50,3031.492342
-1.234857,50,3032.45994
-1.694555,50,3033.42664
-1.758841,50,3034.322817
-1.589176,50,3035.222445
-1.641801,50,3036.193583
-1.275809,50,3037.112739
-1.125493,50,3038.038641
-0.945217,50,3039.291264
-0.674008,50,3040.27134
-1.370028,50,3041.188371
-1.110843,50,3042.096302
-1.152343,50,3043.015774
-1.838194,50,3043.963652
-1.015003,50,3044.892737
-1.171442,50,3045.796385
-1.450499,50,3046.720433
-1.1653,50,3047.665363
-1.232843,50,3048.625483
-1.784299,50,3049.560503
-1.334501,50,3050.473312
-1.207972,50,3051.442662
-1.114721,50,3052.533342
-1.132357,50,3053.640457
-1.649468,50,3054.660614
-1.660027,50,3055.755164
-1.061932,50,3056.824441
-1.431682,50,3057.755331
-1.51802,50,3058.707992
-1.699995,50,3059.686171
-1.0912,50,3060.611862
-1.072234,50,3061.519157
-1.563032,50,3062.449804
-1.61341,50,3063.381287
-1.571366,50,3064.313737
-1.278225,50,3065.212318
-1.61283,50,3066.115131
-1.773181,50,3067.097445
-1.121289,50,3068.091818
-1.696106,50,3069.034543
-2.013394,50,3069.947626
-1.190443,50,3070.904813
-1.162423,50,3071.817626
-2.075149,50,3072.714507
-1.720035,50,3073.641503
-0.913719,50,3074.592944
-1.048813,50,3075.529277
-1.319682,50,3076.435368
-1.209355,50,3077.369038
-1.764961,50,3078.32533
-0.925541,50,3079.398007
-1.129358,50,3080.307219
-1.066494,50,3081.212133
-1.369067,50,3082.208304
-1.527781,50,3083.140821
-2.002687,50,3084.070375
-1.326999,50,3084.978861
-1.681041,50,3085.960609
-1.32711,50,3086.887896
-1.621203,50,3087.791296
-1.04092,50,3088.779511
-1.493968,50,3089.746986
-1.377843,50,3090.686355
-1.328735,50,3091.598261
-1.462106,50,3092.51207
-1.746813,50,3093.461487
-1.285629,50,3094.37438
-1.084808,50,3095.389903
-1.294824,50,3096.298413
-1.45881,50,3097.369294
-1.114406,50,3098.361757
-1.960138,50,3099.352112
-1.239664,50,3100.259237
-0.898944,50,3101.217592
-1.820182,50,3102.159358
-1.021681,50,3103.071616
-1.176567,50,3104.001881
-1.71641,50,3104.961016
-1.159469,50,3105.987724
-1.184918,50,3106.888235
-1.887274,50,3107.799077
-1.085953,50,3108.821721
-1.374009,50,3109.741297
-1.349711,50,3110.665759
-1.397406,50,3111.563149
-1.695611,50,3112.559072
-1.047936,50,3113.477912
-1.566149,50,3114.376767
-1.980875,50,3115.304965
-1.689972,50,3116.262533
-1.575023,50,3117.191694
-1.1752,50,3118.096046
-0.90301,50,3119.067442
-1.46073,50,3120.025649
-0.945167,50,3121.037063
-1.220646,50,3121.949136
-1.699126,50,3122.849716
-1.374232,50,3123.828281
-1.556201,50,3124.738065
-1.400428,50,3125.660352
-1.272127,50,3126.559052
-0.963174,50,3127.517633
-1.419343,50,3128.471948
-0.812955,50,3129.408141
-1.710556,50,3130.34574
-1.286216,50,3131.306817
-0.87351,50,3132.240568
-1.742452,50,3133.14341
-1.5115,50,3134.040216
-1.210874,50,3135.004172
-1.391969,50,3135.906256
-1.586495,50,3136.907121
-1.550863,50,3137.820075
-1.94184,50,3138.827868
-1.419476,50,3139.741134
-1.108409,50,3140.646859
-1.279163,50,3141.574274
-1.548417,50,3142.529945
-1.420025,50,3143.470179
-1.444755,50,3144.36754
-1.720549,50,3145.296268
-0.967651,50,3146.24567
-1.647893,50,3147.262582
-1.309481,50,3148.192957
-1.612639,50,3149.1435
-1.908587,50,3150.130402
-1.193106,50,3151.045827
-1.551991,50,3151.967725
-1.86312,50,3152.884328
-1.326084,50,3153.829299
-1.728505,50,3154.769352
-1.277245,50,3155.676366
-0.980983,50,3156.602124
-1.418836,50,3157.557546
-1.223945,50,3158.631261
-1.627607,50,3159.625497
-1.893641,50,3160.5494
-1.053713,50,3161.504162
-1.564202,50,3162.532675
-1.713026,50,3163.453202
-1.492771,50,3164.349702
-1.060138,50,3165.319984
-1.104012,50,3166.289637
-1.307471,50,3167.221823
-1.241721,50,3168.12083
-1.753843,50,3169.111407
-1.558666,50,3170.060773
-1.108692,50,3170.966682
-1.714849,50,3171.891631
-1.159933,50,3172.821459
-1.831811,50,3173.84323
-0.975965,50,3174.755183
-0.841473,50,3175.659304
-1.130033,50,3176.628767
-1.891131,50,3177.535429
-1.35715,50,3178.496279
-0.885173,50,3179.413966
-1.761484,50,3180.418514
-1.707219,50,3181.327792
-1.764995,50,3182.223969
-1.361025,50,3183.141742
-0.881647,50,3184.085271
-1.198878,50,3185.102352
-1.372404,50,3185.997593
-1.915805,50,3186.91325
-1.242534,50,3187.859199
-1.388383,50,3188.809071
-1.87716,50,3189.758216
-1.096085,50,3190.660654
-1.273189,50,3191.631669
-0.830704,50,3192.550416
-1.12031,50,3193.463884
-1.28397,50,3194.368199
-1.664151,50,3195.327506
-1.738987,50,3196.264157
-1.098556,50,3197.17559
-1.130086,50,3198.103753
-1.136145,50,3199.104153
-0.782595,50,3200.128965
-1.024643,50,3201.025323
-1.70334,50,3201.923112
-1.178681,50,3202.892815
-0.910568,50,3203.806849
-1.338093,50,3204.731714
-1.815512,50,3205.630068
-1.16869,50,3206.579837
-1.27424,50,3207.714389
-1.587743,50,3208.661569
-1.453025,50,3209.618437
-1.472996,50,3210.563143
-1.263708,50,3211.498305
-1.864347,50,3212.406047
-0.813636,50,3213.318964
-1.602097,50,3214.311168
-1.805975,50,3215.321104
-1.363413,50,3216.250115
-1.109145,50,3217.16498
-0.901702,50,3218.149629
-1.17005,50,3219.11949
-1.185849,50,3220.076236
-1.112881,50,3220.992019
-1.333386,50,3221.940567
-1.436903,50,3222.882464
-1.095444,50,3223.788246
-1.180624,50,3224.710528
-1.157618,50,3225.736522
-1.502091,50,3226.665399
-0.977189,50,3227.575779
-1.662464,50,3228.487595
-0.701935,50,3229.473548
-1.061203,50,3230.400394
-1.843926,50,3231.403858
-1.565566,50,3232.302525
-1.180936,50,3233.265686
-1.350771,50,3234.223388
-1.155873,50,3235.166514
-1.896113,50,3236.128665
-1.949201,50,3237.217887
-1.872871,50,3238.235255
-1.323825,50,3239.182474
-1.615257,50,3240.111382
-1.160073,50,3241.047775
-1.162244,50,3241.975509
-1.771219,50,3242.88391
-1.134858,50,3243.782549
-1.398709,50,3244.759064
-1.919416,50,3245.673041
-1.599531,50,3246.595546
-1.274297,50,3247.503045
-0.973447,50,3248.475743
-1.810645,50,3249.530271
-0.850427,50,3250.458378
-2.006814,50,3251.37736
-1.322284,50,3252.314613
-1.766116,50,3253.251499
-1.376366,50,3254.148702
-1.315335,50,3255.05434
-1.731897,50,3255.995781
-1.312792,50,3256.903478
-1.07231,50,3257.839144
-1.525687,50,3258.78443
-1.316492,50,3259.733947
-1.881817,50,3260.73106
-1.823429,50,3261.633126
-1.057794,50,3262.541144
-1.291335,50,3263.497634
-1.85896,50,3264.443004
-1.530261,50,3265.472574
-1.312888,50,3266.580369
-1.114578,50,3267.720583
-1.177739,50,3268.743893
-1.511318,50,3269.825836
-1.010227,50,3270.761823
-2.183897,50,3271.718641
-0.912101,50,3272.655311
-2.004313,50,3273.562741
-1.157976,50,3274.47975
-0.948585,50,3275.456554
-1.434446,50,3276.471613
-1.941829,50,3277.410379
-1.564705,50,3278.317846
-1.002031,50,3279.335631
-1.565698,50,3280.280128
-0.888018,50,3281.187308
-1.162558,50,3282.112839
-1.269066,50,3283.051389
-1.221824,50,3283.984562
-1.541324,50,3284.885843
-1.600965,50,3285.898439
-0.835814,50,3286.858523
-1.23922,50,3287.780218
-1.160449,50,3288.748902
-1.548799,50,3289.643411
-1.119209,50,3290.670546
-2.011209,50,3291.582841
-1.333921,50,3292.504755
-1.192902,50,3293.408507
-1.359447,50,3294.365722
-1.363872,50,3295.336012
-1.487762,50,3296.25974
-1.368867,50,3297.386121
-1.401069,50,3298.536343
-1.971563,50,3299.644733
-1.375685,50,3300.69245
-1.429402,50,3301.647649
-1.985538,50,3302.676832
-1.911733,50,3303.6398
-2.030841,50,3304.749483
-1.153595,50,3305.676534
-0.922554,50,3306.618393
-1.620431,50,3307.534508
-1.106604,50,3308.454957
-1.443124,50,3309.40207
-1.409848,50,3310.393015
-1.576926,50,3311.316369
-1.42391,50,3312.537179
-0.985361,50,3313.88386
-1.377116,50,3314.982363
-1.643675,50,3315.889486
-1.570083,50,3316.903619
-1.346577,50,3318.511879
-0.865318,50,3319.726238
-1.881288,50,3320.714348
-1.622334,50,3321.711854
-1.258859,50,3323.412678
